disease,category,severity,specialist,description,causes,risk_factors,prevention,recovery_time,emergency_signs,contagious,self_care,diet,aliases
(vertigo) Paroxymal Positional Vertigo,Neurological,High,Neurologist,(vertigo) Paroxymal Positional Vertigo is a medical condition affecting the neurological system requiring proper evaluation and treatment by a Neurologist.,"Multiple factors including genetic predisposition, infections, environmental factors, and lifestyle factors.","Weakened immune system, age, family history, chronic stress, poor diet, exposure to pathogens.","Maintain hygiene, get vaccinated where applicable, undergo regular health checkups. Consult a Neurologist.",Varies — consult specialist for accurate timeline.,"High persistent fever, severe chest pain, shortness of breath, sudden confusion, difficulty breathing.",Consult your doctor,Consult your doctor for personalized guidance.,"Hydration, balanced nutrient-dense diet, low sodium, avoid processed foods.","(vertigo) paroxymal positional vertigo, (vertigo)-paroxymal-positional-vertigo"
AIDS,Infectious Diseases,High,Infectious Disease Specialist,AIDS is a medical condition affecting the infectious diseases system requiring proper evaluation and treatment by a Infectious Disease Specialist.,"Multiple factors including genetic predisposition, infections, environmental factors, and lifestyle factors.","Weakened immune system, age, family history, chronic stress, poor diet, exposure to pathogens.","Maintain hygiene, get vaccinated where applicable, undergo regular health checkups. Consult a Infectious Disease Specialist.",Varies — consult specialist for accurate timeline.,"High persistent fever, severe chest pain, shortness of breath, sudden confusion, difficulty breathing.",Consult your doctor,Consult your doctor for personalized guidance.,"Hydration, balanced nutrient-dense diet, low sodium, avoid processed foods.","aids, aids"
Acne,Skin & Dermatology,Moderate,Dermatologist,Acne is a medical condition affecting the skin & dermatology system requiring proper evaluation and treatment by a Dermatologist.,"Multiple factors including genetic predisposition, infections, environmental factors, and lifestyle factors.","Weakened immune system, age, family history, chronic stress, poor diet, exposure to pathogens.","Maintain hygiene, get vaccinated where applicable, undergo regular health checkups. Consult a Dermatologist.",Varies — consult specialist for accurate timeline.,"High persistent fever, severe chest pain, shortness of breath, sudden confusion, difficulty breathing.",Consult your doctor,Consult your doctor for personalized guidance.,"Hydration, balanced nutrient-dense diet, low sodium, avoid processed foods.","acne, acne"
Acute Bronchitis,Respiratory,High,Pulmonologist / Chest Specialist,Acute Bronchitis is a medical condition affecting the respiratory system requiring proper evaluation and treatment by a Pulmonologist / Chest Specialist.,"Multiple factors including genetic predisposition, infections, environmental factors, and lifestyle factors.","Weakened immune system, age, family history, chronic stress, poor diet, exposure to pathogens.","Maintain hygiene, get vaccinated where applicable, undergo regular health checkups. Consult a Pulmonologist / Chest Specialist.",Varies — consult specialist for accurate timeline.,"High persistent fever, severe chest pain, shortness of breath, sudden confusion, difficulty breathing.",Consult your doctor,Consult your doctor for personalized guidance.,"Hydration, balanced nutrient-dense diet, low sodium, avoid processed foods.","acute bronchitis, acute-bronchitis"
Addison Disease,Endocrinology,Moderate,Endocrinologist,Addison Disease is a medical condition affecting the endocrinology system requiring proper evaluation and treatment by a Endocrinologist.,"Multiple factors including genetic predisposition, infections, environmental factors, and lifestyle factors.","Weakened immune system, age, family history, chronic stress, poor diet, exposure to pathogens.","Maintain hygiene, get vaccinated where applicable, undergo regular health checkups. Consult a Endocrinologist.",Varies — consult specialist for accurate timeline.,"High persistent fever, severe chest pain, shortness of breath, sudden confusion, difficulty breathing.",Consult your doctor,Consult your doctor for personalized guidance.,"Hydration, balanced nutrient-dense diet, low sodium, avoid processed foods.","addison disease, addison-disease"
Alcoholic hepatitis,Gastroenterology,Moderate,Gastroenterologist,Alcoholic hepatitis is a medical condition affecting the gastroenterology system requiring proper evaluation and treatment by a Gastroenterologist.,"Multiple factors including genetic predisposition, infections, environmental factors, and lifestyle factors.","Weakened immune system, age, family history, chronic stress, poor diet, exposure to pathogens.","Maintain hygiene, get vaccinated where applicable, undergo regular health checkups. Consult a Gastroenterologist.",Varies — consult specialist for accurate timeline.,"High persistent fever, severe chest pain, shortness of breath, sudden confusion, difficulty breathing.",Consult your doctor,Consult your doctor for personalized guidance.,"Hydration, balanced nutrient-dense diet, low sodium, avoid processed foods.","alcoholic hepatitis, alcoholic-hepatitis"
Allergic Rhinitis,General Medicine,Moderate,General Physician,Allergic Rhinitis is a medical condition affecting the general medicine system requiring proper evaluation and treatment by a General Physician.,"Multiple factors including genetic predisposition, infections, environmental factors, and lifestyle factors.","Weakened immune system, age, family history, chronic stress, poor diet, exposure to pathogens.","Maintain hygiene, get vaccinated where applicable, undergo regular health checkups. Consult a General Physician.",Varies — consult specialist for accurate timeline.,"High persistent fever, severe chest pain, shortness of breath, sudden confusion, difficulty breathing.",Consult your doctor,Consult your doctor for personalized guidance.,"Hydration, balanced nutrient-dense diet, low sodium, avoid processed foods.","allergic rhinitis, allergic-rhinitis"
Allergy,Immunology & Allergy,Low to Moderate,Allergist / Immunologist,"An exaggerated immune response to normally harmless substances (allergens) causing sneezing, itching, rash, or in severe cases, anaphylaxis.","Immune system overreaction to allergens: pollen, dust mites, pet dander, certain foods, insect stings, medications.","Family history of allergies/asthma, childhood, existing allergic conditions, environmental exposures.","Identify and avoid known allergens, use air purifiers, keep windows closed during high pollen, shower after outdoor exposure.",Symptoms resolve within hours to days after allergen removal. Chronic allergies need ongoing management.,"Anaphylaxis: difficulty breathing, throat swelling, rapid pulse, dizziness, loss of consciousness — USE EPINEPHRINE AND CALL EMERGENCY.",No,"Yes for mild symptoms — antihistamines, nasal sprays, avoid allergens. Severe allergies need allergist evaluation and may need immunotherapy.","Balanced nutritious diet, adequate water intake, avoid heavy/processed foods.","allergy, allergy"
Alzheimer Disease,Neurological,High,Neurologist / Geriatric Psychiatrist,"A progressive neurodegenerative disease causing memory loss, cognitive decline, and behavioral changes. The most common form of dementia.","Abnormal protein deposits (amyloid plaques and tau tangles) in the brain causing neuron death. Complex interaction of genetics, lifestyle, and environment.","Age >65, family history, APOE4 gene, Down syndrome, head trauma, cardiovascular risk factors, social isolation.","Regular physical and mental exercise, social engagement, heart-healthy diet, manage cardiovascular risk factors, adequate sleep.",Chronic progressive condition — no cure. Disease progression spans 4-20 years.,"Sudden confusion or agitation, wandering/getting lost, falls, inability to eat/drink, signs of infection (fever in elderly).",No,"No — requires medical management, caregiver support, and safety planning. Medications may slow progression.","Balanced nutritious diet, adequate water intake, avoid heavy/processed foods.","alzheimer disease, alzheimer-disease"
Anemia,Hematology,Low to Moderate,Hematologist / Internal Medicine,"A condition where the blood lacks enough healthy red blood cells or hemoglobin, reducing oxygen delivery to tissues. Causes fatigue, pallor, and weakness.","Iron deficiency (most common), vitamin B12/folate deficiency, chronic disease, blood loss, bone marrow disorders, hemolysis.","Women of childbearing age, pregnancy, poor diet, chronic diseases, GI conditions, heavy menstrual periods, family history.","Iron-rich diet (red meat, spinach, lentils), vitamin C with iron foods, prenatal vitamins during pregnancy, regular health check-ups.","Iron-deficiency: hemoglobin improves in 2-4 weeks, iron stores replete in 3-6 months. Other types vary.","Severe shortness of breath, chest pain, rapid heartbeat, fainting, hemoglobin <7 g/dL, acute blood loss.",No,"Partial — dietary improvement, iron/vitamin supplements (after blood tests). Underlying cause must be identified and treated.","Balanced nutritious diet, adequate water intake, avoid heavy/processed foods.","anemia, anemia"
Angina,Cardiovascular,Critical,Cardiologist,Angina is a medical condition affecting the cardiovascular system requiring proper evaluation and treatment by a Cardiologist.,"Multiple factors including genetic predisposition, infections, environmental factors, and lifestyle factors.","Weakened immune system, age, family history, chronic stress, poor diet, exposure to pathogens.","Maintain hygiene, get vaccinated where applicable, undergo regular health checkups. Consult a Cardiologist.",Varies — consult specialist for accurate timeline.,"High persistent fever, severe chest pain, shortness of breath, sudden confusion, difficulty breathing.",Consult your doctor,Consult your doctor for personalized guidance.,"Hydration, balanced nutrient-dense diet, low sodium, avoid processed foods.","angina, angina"
Ankylosing Spondylitis,Rheumatology & Autoimmune,High,Rheumatologist,Ankylosing Spondylitis is a medical condition affecting the rheumatology & autoimmune system requiring proper evaluation and treatment by a Rheumatologist.,"Multiple factors including genetic predisposition, infections, environmental factors, and lifestyle factors.","Weakened immune system, age, family history, chronic stress, poor diet, exposure to pathogens.","Maintain hygiene, get vaccinated where applicable, undergo regular health checkups. Consult a Rheumatologist.",Varies — consult specialist for accurate timeline.,"High persistent fever, severe chest pain, shortness of breath, sudden confusion, difficulty breathing.",Consult your doctor,Consult your doctor for personalized guidance.,"Hydration, balanced nutrient-dense diet, low sodium, avoid processed foods.","ankylosing spondylitis, ankylosing-spondylitis"
Aortic Aneurysm,Cardiovascular,Critical,Cardiologist,Aortic Aneurysm is a medical condition affecting the cardiovascular system requiring proper evaluation and treatment by a Cardiologist.,"Multiple factors including genetic predisposition, infections, environmental factors, and lifestyle factors.","Weakened immune system, age, family history, chronic stress, poor diet, exposure to pathogens.","Maintain hygiene, get vaccinated where applicable, undergo regular health checkups. Consult a Cardiologist.",Varies — consult specialist for accurate timeline.,"High persistent fever, severe chest pain, shortness of breath, sudden confusion, difficulty breathing.",Consult your doctor,Consult your doctor for personalized guidance.,"Hydration, balanced nutrient-dense diet, low sodium, avoid processed foods.","aortic aneurysm, aortic-aneurysm"
Appendicitis,Gastroenterology,High,General Surgeon,Inflammation of the appendix causing severe right lower abdominal pain. Requires urgent surgical treatment to prevent rupture.,"Blockage of the appendix opening by fecal matter, foreign body, infection, or lymphoid tissue swelling.","Age 10-30, family history, male sex, low-fiber diet.",No proven prevention. High-fiber diet may reduce risk.,Uncomplicated: 1-3 weeks post-surgery. Ruptured: 4-6 weeks.,"Sudden severe right lower abdominal pain, rigid abdomen, high fever, inability to pass gas, signs of shock (rapid pulse, dizziness).",No,NO — requires immediate medical evaluation. Do not take laxatives or pain medications before diagnosis.,"Balanced nutritious diet, adequate water intake, avoid heavy/processed foods.","appendicitis, appendicitis"
Athletes Foot,Skin & Dermatology,Moderate,Dermatologist,Athletes Foot is a medical condition affecting the skin & dermatology system requiring proper evaluation and treatment by a Dermatologist.,"Multiple factors including genetic predisposition, infections, environmental factors, and lifestyle factors.","Weakened immune system, age, family history, chronic stress, poor diet, exposure to pathogens.","Maintain hygiene, get vaccinated where applicable, undergo regular health checkups. Consult a Dermatologist.",Varies — consult specialist for accurate timeline.,"High persistent fever, severe chest pain, shortness of breath, sudden confusion, difficulty breathing.",Consult your doctor,Consult your doctor for personalized guidance.,"Hydration, balanced nutrient-dense diet, low sodium, avoid processed foods.","athletes foot, athletes-foot"
Atrial Fibrillation,Cardiovascular,Critical,Cardiologist,Atrial Fibrillation is a medical condition affecting the cardiovascular system requiring proper evaluation and treatment by a Cardiologist.,"Multiple factors including genetic predisposition, infections, environmental factors, and lifestyle factors.","Weakened immune system, age, family history, chronic stress, poor diet, exposure to pathogens.","Maintain hygiene, get vaccinated where applicable, undergo regular health checkups. Consult a Cardiologist.",Varies — consult specialist for accurate timeline.,"High persistent fever, severe chest pain, shortness of breath, sudden confusion, difficulty breathing.",Consult your doctor,Consult your doctor for personalized guidance.,"Hydration, balanced nutrient-dense diet, low sodium, avoid processed foods.","atrial fibrillation, atrial-fibrillation"
Basal Cell Carcinoma,Skin & Dermatology,Moderate,Dermatologist,Basal Cell Carcinoma is a medical condition affecting the skin & dermatology system requiring proper evaluation and treatment by a Dermatologist.,"Multiple factors including genetic predisposition, infections, environmental factors, and lifestyle factors.","Weakened immune system, age, family history, chronic stress, poor diet, exposure to pathogens.","Maintain hygiene, get vaccinated where applicable, undergo regular health checkups. Consult a Dermatologist.",Varies — consult specialist for accurate timeline.,"High persistent fever, severe chest pain, shortness of breath, sudden confusion, difficulty breathing.",Consult your doctor,Consult your doctor for personalized guidance.,"Hydration, balanced nutrient-dense diet, low sodium, avoid processed foods.","basal cell carcinoma, basal-cell-carcinoma"
Bell Palsy,Neurological,High,Neurologist,Bell Palsy is a medical condition affecting the neurological system requiring proper evaluation and treatment by a Neurologist.,"Multiple factors including genetic predisposition, infections, environmental factors, and lifestyle factors.","Weakened immune system, age, family history, chronic stress, poor diet, exposure to pathogens.","Maintain hygiene, get vaccinated where applicable, undergo regular health checkups. Consult a Neurologist.",Varies — consult specialist for accurate timeline.,"High persistent fever, severe chest pain, shortness of breath, sudden confusion, difficulty breathing.",Consult your doctor,Consult your doctor for personalized guidance.,"Hydration, balanced nutrient-dense diet, low sodium, avoid processed foods.","bell palsy, bell-palsy"
Benign Prostatic Hyperplasia,Urology & Nephrology,Moderate,Urologist / Nephrologist,Benign Prostatic Hyperplasia is a medical condition affecting the urology & nephrology system requiring proper evaluation and treatment by a Urologist / Nephrologist.,"Multiple factors including genetic predisposition, infections, environmental factors, and lifestyle factors.","Weakened immune system, age, family history, chronic stress, poor diet, exposure to pathogens.","Maintain hygiene, get vaccinated where applicable, undergo regular health checkups. Consult a Urologist / Nephrologist.",Varies — consult specialist for accurate timeline.,"High persistent fever, severe chest pain, shortness of breath, sudden confusion, difficulty breathing.",Consult your doctor,Consult your doctor for personalized guidance.,"Hydration, balanced nutrient-dense diet, low sodium, avoid processed foods.","benign prostatic hyperplasia, benign-prostatic-hyperplasia"
Bladder Infection,Urology & Nephrology,Moderate,Urologist / Nephrologist,Bladder Infection is a medical condition affecting the urology & nephrology system requiring proper evaluation and treatment by a Urologist / Nephrologist.,"Multiple factors including genetic predisposition, infections, environmental factors, and lifestyle factors.","Weakened immune system, age, family history, chronic stress, poor diet, exposure to pathogens.","Maintain hygiene, get vaccinated where applicable, undergo regular health checkups. Consult a Urologist / Nephrologist.",Varies — consult specialist for accurate timeline.,"High persistent fever, severe chest pain, shortness of breath, sudden confusion, difficulty breathing.",Consult your doctor,Consult your doctor for personalized guidance.,"Hydration, balanced nutrient-dense diet, low sodium, avoid processed foods.","bladder infection, bladder-infection"
Blepharitis,Ophthalmology,Moderate,Ophthalmologist,Blepharitis is a medical condition affecting the ophthalmology system requiring proper evaluation and treatment by a Ophthalmologist.,"Multiple factors including genetic predisposition, infections, environmental factors, and lifestyle factors.","Weakened immune system, age, family history, chronic stress, poor diet, exposure to pathogens.","Maintain hygiene, get vaccinated where applicable, undergo regular health checkups. Consult a Ophthalmologist.",Varies — consult specialist for accurate timeline.,"High persistent fever, severe chest pain, shortness of breath, sudden confusion, difficulty breathing.",Consult your doctor,Consult your doctor for personalized guidance.,"Hydration, balanced nutrient-dense diet, low sodium, avoid processed foods.","blepharitis, blepharitis"
Bronchial Asthma,Respiratory,Moderate,Pulmonologist / Allergist,"A chronic inflammatory airway disease causing recurrent episodes of wheezing, breathlessness, chest tightness, and coughing.","Combination of genetic predisposition and environmental triggers including allergens, air pollution, exercise, cold air.","Family history of asthma/allergies, childhood respiratory infections, obesity, smoking exposure, occupational exposures.","Identify and avoid triggers, take controller medications regularly, use air purifiers, maintain healthy weight.",Chronic condition — episodes resolve in hours to days with treatment,"Severe breathlessness even at rest, inability to speak full sentences, blue lips, no relief from rescue inhaler, peak flow <50% of personal best.",No,Partial — rescue inhaler for mild episodes. Action plan from doctor. Severe attacks need emergency care.,"Balanced nutritious diet, adequate water intake, avoid heavy/processed foods.","bronchial asthma, bronchial-asthma"
Bronchiectasis,Respiratory,High,Pulmonologist / Chest Specialist,Bronchiectasis is a medical condition affecting the respiratory system requiring proper evaluation and treatment by a Pulmonologist / Chest Specialist.,"Multiple factors including genetic predisposition, infections, environmental factors, and lifestyle factors.","Weakened immune system, age, family history, chronic stress, poor diet, exposure to pathogens.","Maintain hygiene, get vaccinated where applicable, undergo regular health checkups. Consult a Pulmonologist / Chest Specialist.",Varies — consult specialist for accurate timeline.,"High persistent fever, severe chest pain, shortness of breath, sudden confusion, difficulty breathing.",Consult your doctor,Consult your doctor for personalized guidance.,"Hydration, balanced nutrient-dense diet, low sodium, avoid processed foods.","bronchiectasis, bronchiectasis"
COPD,Respiratory,High,Pulmonologist / Chest Specialist,COPD is a medical condition affecting the respiratory system requiring proper evaluation and treatment by a Pulmonologist / Chest Specialist.,"Multiple factors including genetic predisposition, infections, environmental factors, and lifestyle factors.","Weakened immune system, age, family history, chronic stress, poor diet, exposure to pathogens.","Maintain hygiene, get vaccinated where applicable, undergo regular health checkups. Consult a Pulmonologist / Chest Specialist.",Varies — consult specialist for accurate timeline.,"High persistent fever, severe chest pain, shortness of breath, sudden confusion, difficulty breathing.",Consult your doctor,Consult your doctor for personalized guidance.,"Hydration, balanced nutrient-dense diet, low sodium, avoid processed foods.","copd, copd"
COVID-19,Respiratory,Moderate to High,Pulmonologist / Infectious Disease Specialist,"A respiratory illness caused by SARS-CoV-2 virus, ranging from mild cold-like symptoms to severe pneumonia. Can cause loss of smell/taste and long-term complications.","SARS-CoV-2 virus, transmitted through respiratory droplets and aerosols, with possible fomite transmission.","Age >60, obesity, diabetes, heart disease, lung disease, immunocompromised, unvaccinated status.","Vaccination, mask-wearing in high-risk settings, hand hygiene, adequate ventilation, social distancing during outbreaks.",Mild: 1-2 weeks. Severe: 3-6 weeks. Long COVID symptoms may persist months.,"Persistent chest pain, difficulty breathing at rest, confusion, bluish lips/face, inability to stay awake, oxygen saturation <94%.","Yes (airborne, 5-10 days typically)","Mild cases: yes — rest, fluids, fever management, pulse oximeter monitoring. Seek care if breathing worsens.","Balanced nutritious diet, adequate water intake, avoid heavy/processed foods.","covid-19, covid-19"
Carpal Tunnel Syndrome,Neurological,High,Neurologist,Carpal Tunnel Syndrome is a medical condition affecting the neurological system requiring proper evaluation and treatment by a Neurologist.,"Multiple factors including genetic predisposition, infections, environmental factors, and lifestyle factors.","Weakened immune system, age, family history, chronic stress, poor diet, exposure to pathogens.","Maintain hygiene, get vaccinated where applicable, undergo regular health checkups. Consult a Neurologist.",Varies — consult specialist for accurate timeline.,"High persistent fever, severe chest pain, shortness of breath, sudden confusion, difficulty breathing.",Consult your doctor,Consult your doctor for personalized guidance.,"Hydration, balanced nutrient-dense diet, low sodium, avoid processed foods.","carpal tunnel syndrome, carpal-tunnel-syndrome"
Celiac Disease,Gastroenterology,Moderate,Gastroenterologist,Celiac Disease is a medical condition affecting the gastroenterology system requiring proper evaluation and treatment by a Gastroenterologist.,"Multiple factors including genetic predisposition, infections, environmental factors, and lifestyle factors.","Weakened immune system, age, family history, chronic stress, poor diet, exposure to pathogens.","Maintain hygiene, get vaccinated where applicable, undergo regular health checkups. Consult a Gastroenterologist.",Varies — consult specialist for accurate timeline.,"High persistent fever, severe chest pain, shortness of breath, sudden confusion, difficulty breathing.",Consult your doctor,Consult your doctor for personalized guidance.,"Hydration, balanced nutrient-dense diet, low sodium, avoid processed foods.","celiac disease, celiac-disease"
Cellulitis,Skin & Dermatology,Moderate,Dermatologist,Cellulitis is a medical condition affecting the skin & dermatology system requiring proper evaluation and treatment by a Dermatologist.,"Multiple factors including genetic predisposition, infections, environmental factors, and lifestyle factors.","Weakened immune system, age, family history, chronic stress, poor diet, exposure to pathogens.","Maintain hygiene, get vaccinated where applicable, undergo regular health checkups. Consult a Dermatologist.",Varies — consult specialist for accurate timeline.,"High persistent fever, severe chest pain, shortness of breath, sudden confusion, difficulty breathing.",Consult your doctor,Consult your doctor for personalized guidance.,"Hydration, balanced nutrient-dense diet, low sodium, avoid processed foods.","cellulitis, cellulitis"
Cervical spondylosis,Neurological,High,Neurologist,Cervical spondylosis is a medical condition affecting the neurological system requiring proper evaluation and treatment by a Neurologist.,"Multiple factors including genetic predisposition, infections, environmental factors, and lifestyle factors.","Weakened immune system, age, family history, chronic stress, poor diet, exposure to pathogens.","Maintain hygiene, get vaccinated where applicable, undergo regular health checkups. Consult a Neurologist.",Varies — consult specialist for accurate timeline.,"High persistent fever, severe chest pain, shortness of breath, sudden confusion, difficulty breathing.",Consult your doctor,Consult your doctor for personalized guidance.,"Hydration, balanced nutrient-dense diet, low sodium, avoid processed foods.","cervical spondylosis, cervical-spondylosis"
Chicken pox,Infectious Diseases,Low to Moderate,General Physician / Pediatrician,"A highly contagious viral infection caused by varicella-zoster virus, producing an itchy, blister-like rash all over the body with mild fever.","Varicella-zoster virus (VZV), spread through direct contact with rash or airborne droplets from coughing/sneezing.","No prior vaccination or infection, pregnancy, immunocompromised, age (more severe in adults), household exposure.","Varicella vaccine (2 doses), avoid contact with infected individuals, post-exposure prophylaxis for high-risk persons.",1-2 weeks for lesions to crust over. Full recovery 2-3 weeks. Adults may take longer.,"High fever >102°F for >4 days, difficulty breathing, stiff neck with headache, rash spreading to eyes, bleeding into blisters, bacterial superinfection.",Highly contagious (1-2 days before rash until all lesions crust over),"Yes for children — calamine lotion, oatmeal baths, antihistamines for itch. Avoid aspirin. Adults and immunocompromised may need antivirals.","Balanced nutritious diet, adequate water intake, avoid heavy/processed foods.","chicken pox, chicken-pox"
Chikungunya,Infectious Diseases,High,Infectious Disease Specialist,Chikungunya is a medical condition affecting the infectious diseases system requiring proper evaluation and treatment by a Infectious Disease Specialist.,"Multiple factors including genetic predisposition, infections, environmental factors, and lifestyle factors.","Weakened immune system, age, family history, chronic stress, poor diet, exposure to pathogens.","Maintain hygiene, get vaccinated where applicable, undergo regular health checkups. Consult a Infectious Disease Specialist.",Varies — consult specialist for accurate timeline.,"High persistent fever, severe chest pain, shortness of breath, sudden confusion, difficulty breathing.",Consult your doctor,Consult your doctor for personalized guidance.,"Hydration, balanced nutrient-dense diet, low sodium, avoid processed foods.","chikungunya, chikungunya"
Cholera,Infectious Diseases,High,Infectious Disease Specialist,Cholera is a medical condition affecting the infectious diseases system requiring proper evaluation and treatment by a Infectious Disease Specialist.,"Multiple factors including genetic predisposition, infections, environmental factors, and lifestyle factors.","Weakened immune system, age, family history, chronic stress, poor diet, exposure to pathogens.","Maintain hygiene, get vaccinated where applicable, undergo regular health checkups. Consult a Infectious Disease Specialist.",Varies — consult specialist for accurate timeline.,"High persistent fever, severe chest pain, shortness of breath, sudden confusion, difficulty breathing.",Consult your doctor,Consult your doctor for personalized guidance.,"Hydration, balanced nutrient-dense diet, low sodium, avoid processed foods.","cholera, cholera"
Chronic Fatigue Syndrome,General Medicine,Moderate,General Physician,Chronic Fatigue Syndrome is a medical condition affecting the general medicine system requiring proper evaluation and treatment by a General Physician.,"Multiple factors including genetic predisposition, infections, environmental factors, and lifestyle factors.","Weakened immune system, age, family history, chronic stress, poor diet, exposure to pathogens.","Maintain hygiene, get vaccinated where applicable, undergo regular health checkups. Consult a General Physician.",Varies — consult specialist for accurate timeline.,"High persistent fever, severe chest pain, shortness of breath, sudden confusion, difficulty breathing.",Consult your doctor,Consult your doctor for personalized guidance.,"Hydration, balanced nutrient-dense diet, low sodium, avoid processed foods.","chronic fatigue syndrome, chronic-fatigue-syndrome"
Chronic Kidney Disease,Urology & Nephrology,Moderate,Urologist / Nephrologist,Chronic Kidney Disease is a medical condition affecting the urology & nephrology system requiring proper evaluation and treatment by a Urologist / Nephrologist.,"Multiple factors including genetic predisposition, infections, environmental factors, and lifestyle factors.","Weakened immune system, age, family history, chronic stress, poor diet, exposure to pathogens.","Maintain hygiene, get vaccinated where applicable, undergo regular health checkups. Consult a Urologist / Nephrologist.",Varies — consult specialist for accurate timeline.,"High persistent fever, severe chest pain, shortness of breath, sudden confusion, difficulty breathing.",Consult your doctor,Consult your doctor for personalized guidance.,"Hydration, balanced nutrient-dense diet, low sodium, avoid processed foods.","chronic kidney disease, chronic-kidney-disease"
Chronic Pain Syndrome,General Medicine,Moderate,General Physician,Chronic Pain Syndrome is a medical condition affecting the general medicine system requiring proper evaluation and treatment by a General Physician.,"Multiple factors including genetic predisposition, infections, environmental factors, and lifestyle factors.","Weakened immune system, age, family history, chronic stress, poor diet, exposure to pathogens.","Maintain hygiene, get vaccinated where applicable, undergo regular health checkups. Consult a General Physician.",Varies — consult specialist for accurate timeline.,"High persistent fever, severe chest pain, shortness of breath, sudden confusion, difficulty breathing.",Consult your doctor,Consult your doctor for personalized guidance.,"Hydration, balanced nutrient-dense diet, low sodium, avoid processed foods.","chronic pain syndrome, chronic-pain-syndrome"
Chronic cholestasis,Gastroenterology,Moderate,Gastroenterologist,Chronic cholestasis is a medical condition affecting the gastroenterology system requiring proper evaluation and treatment by a Gastroenterologist.,"Multiple factors including genetic predisposition, infections, environmental factors, and lifestyle factors.","Weakened immune system, age, family history, chronic stress, poor diet, exposure to pathogens.","Maintain hygiene, get vaccinated where applicable, undergo regular health checkups. Consult a Gastroenterologist.",Varies — consult specialist for accurate timeline.,"High persistent fever, severe chest pain, shortness of breath, sudden confusion, difficulty breathing.",Consult your doctor,Consult your doctor for personalized guidance.,"Hydration, balanced nutrient-dense diet, low sodium, avoid processed foods.","chronic cholestasis, chronic-cholestasis"
Cluster Headache,Neurological,High,Neurologist,Cluster Headache is a medical condition affecting the neurological system requiring proper evaluation and treatment by a Neurologist.,"Multiple factors including genetic predisposition, infections, environmental factors, and lifestyle factors.","Weakened immune system, age, family history, chronic stress, poor diet, exposure to pathogens.","Maintain hygiene, get vaccinated where applicable, undergo regular health checkups. Consult a Neurologist.",Varies — consult specialist for accurate timeline.,"High persistent fever, severe chest pain, shortness of breath, sudden confusion, difficulty breathing.",Consult your doctor,Consult your doctor for personalized guidance.,"Hydration, balanced nutrient-dense diet, low sodium, avoid processed foods.","cluster headache, cluster-headache"
Common Cold,Respiratory,Low,General Physician,"A viral upper respiratory tract infection causing nasal congestion, sore throat, and mild fever. Usually self-limiting within 7-10 days.","Rhinoviruses (most common), coronaviruses, RSV, and other respiratory viruses spread through droplets and contact.","Weakened immunity, close contact with infected individuals, cold weather, poor hand hygiene, stress, lack of sleep.","Frequent hand washing, avoid touching face, maintain distance from sick individuals, adequate sleep, vitamin C intake.",7-10 days,"High fever >103°F, severe headache with stiff neck, difficulty breathing, persistent chest pain.","Yes (droplets, 1-2 weeks)","Yes — rest, hydration, OTC decongestants, warm fluids, steam inhalation.","Balanced nutritious diet, adequate water intake, avoid heavy/processed foods.","common cold, common-cold"
Concussion,Neurological,High,Neurologist,Concussion is a medical condition affecting the neurological system requiring proper evaluation and treatment by a Neurologist.,"Multiple factors including genetic predisposition, infections, environmental factors, and lifestyle factors.","Weakened immune system, age, family history, chronic stress, poor diet, exposure to pathogens.","Maintain hygiene, get vaccinated where applicable, undergo regular health checkups. Consult a Neurologist.",Varies — consult specialist for accurate timeline.,"High persistent fever, severe chest pain, shortness of breath, sudden confusion, difficulty breathing.",Consult your doctor,Consult your doctor for personalized guidance.,"Hydration, balanced nutrient-dense diet, low sodium, avoid processed foods.","concussion, concussion"
Congestive Heart Failure,Cardiovascular,High to Critical,Cardiologist,"A chronic condition where the heart cannot pump blood efficiently enough to meet the body's needs, causing fluid buildup in lungs and extremities.","Coronary artery disease, prior heart attack, hypertension, valve disease, cardiomyopathy, myocarditis.","Prior heart attack, coronary artery disease, hypertension, diabetes, obesity, valve disease, sleep apnea.","Control blood pressure and cholesterol, manage diabetes, maintain healthy weight, exercise regularly, avoid excessive alcohol.",Chronic condition — managed long-term with medication and lifestyle changes,"Sudden severe shortness of breath, rapid weight gain (>3 lbs/day), chest pain, fainting, coughing up pink frothy sputum.",No,"Partial — daily weight monitoring, fluid/salt restriction, medication adherence. Requires regular cardiology follow-up.","Balanced nutritious diet, adequate water intake, avoid heavy/processed foods.","congestive heart failure, congestive-heart-failure"
Conjunctivitis,Ophthalmology,Moderate,Ophthalmologist,Conjunctivitis is a medical condition affecting the ophthalmology system requiring proper evaluation and treatment by a Ophthalmologist.,"Multiple factors including genetic predisposition, infections, environmental factors, and lifestyle factors.","Weakened immune system, age, family history, chronic stress, poor diet, exposure to pathogens.","Maintain hygiene, get vaccinated where applicable, undergo regular health checkups. Consult a Ophthalmologist.",Varies — consult specialist for accurate timeline.,"High persistent fever, severe chest pain, shortness of breath, sudden confusion, difficulty breathing.",Consult your doctor,Consult your doctor for personalized guidance.,"Hydration, balanced nutrient-dense diet, low sodium, avoid processed foods.","conjunctivitis, conjunctivitis"
Contact Dermatitis,Skin & Dermatology,Moderate,Dermatologist,Contact Dermatitis is a medical condition affecting the skin & dermatology system requiring proper evaluation and treatment by a Dermatologist.,"Multiple factors including genetic predisposition, infections, environmental factors, and lifestyle factors.","Weakened immune system, age, family history, chronic stress, poor diet, exposure to pathogens.","Maintain hygiene, get vaccinated where applicable, undergo regular health checkups. Consult a Dermatologist.",Varies — consult specialist for accurate timeline.,"High persistent fever, severe chest pain, shortness of breath, sudden confusion, difficulty breathing.",Consult your doctor,Consult your doctor for personalized guidance.,"Hydration, balanced nutrient-dense diet, low sodium, avoid processed foods.","contact dermatitis, contact-dermatitis"
Corneal Abrasion,Ophthalmology,Moderate,Ophthalmologist,Corneal Abrasion is a medical condition affecting the ophthalmology system requiring proper evaluation and treatment by a Ophthalmologist.,"Multiple factors including genetic predisposition, infections, environmental factors, and lifestyle factors.","Weakened immune system, age, family history, chronic stress, poor diet, exposure to pathogens.","Maintain hygiene, get vaccinated where applicable, undergo regular health checkups. Consult a Ophthalmologist.",Varies — consult specialist for accurate timeline.,"High persistent fever, severe chest pain, shortness of breath, sudden confusion, difficulty breathing.",Consult your doctor,Consult your doctor for personalized guidance.,"Hydration, balanced nutrient-dense diet, low sodium, avoid processed foods.","corneal abrasion, corneal-abrasion"
Crohn Disease,Gastroenterology,Moderate to High,Gastroenterologist,"A chronic inflammatory bowel disease (IBD) that can affect any part of the GI tract, causing abdominal pain, severe diarrhea, fatigue, and malnutrition.","Exact cause unknown. Involves immune system dysfunction, genetics (NOD2 gene), and environmental triggers.","Family history, smoking (strongest modifiable risk), age 15-35, Ashkenazi Jewish heritage, Western diet, NSAIDs.","No proven prevention. Quit smoking, anti-inflammatory diet, stress management may reduce flares.",Chronic condition with flares and remissions. Flares may last weeks to months. Lifelong management needed.,"Severe abdominal pain with distension, high fever, bloody diarrhea with dizziness, signs of bowel obstruction (vomiting, inability to pass gas).",No,"Partial — diet modifications, stress management during remission. Active flares require medical treatment.","Balanced nutritious diet, adequate water intake, avoid heavy/processed foods.","crohn disease, crohn-disease"
Croup,Respiratory,High,Pulmonologist / Chest Specialist,Croup is a medical condition affecting the respiratory system requiring proper evaluation and treatment by a Pulmonologist / Chest Specialist.,"Multiple factors including genetic predisposition, infections, environmental factors, and lifestyle factors.","Weakened immune system, age, family history, chronic stress, poor diet, exposure to pathogens.","Maintain hygiene, get vaccinated where applicable, undergo regular health checkups. Consult a Pulmonologist / Chest Specialist.",Varies — consult specialist for accurate timeline.,"High persistent fever, severe chest pain, shortness of breath, sudden confusion, difficulty breathing.",Consult your doctor,Consult your doctor for personalized guidance.,"Hydration, balanced nutrient-dense diet, low sodium, avoid processed foods.","croup, croup"
Cushing Syndrome,Endocrinology,Moderate,Endocrinologist,Cushing Syndrome is a medical condition affecting the endocrinology system requiring proper evaluation and treatment by a Endocrinologist.,"Multiple factors including genetic predisposition, infections, environmental factors, and lifestyle factors.","Weakened immune system, age, family history, chronic stress, poor diet, exposure to pathogens.","Maintain hygiene, get vaccinated where applicable, undergo regular health checkups. Consult a Endocrinologist.",Varies — consult specialist for accurate timeline.,"High persistent fever, severe chest pain, shortness of breath, sudden confusion, difficulty breathing.",Consult your doctor,Consult your doctor for personalized guidance.,"Hydration, balanced nutrient-dense diet, low sodium, avoid processed foods.","cushing syndrome, cushing-syndrome"
Deep Vein Thrombosis,Cardiovascular,Critical,Cardiologist,Deep Vein Thrombosis is a medical condition affecting the cardiovascular system requiring proper evaluation and treatment by a Cardiologist.,"Multiple factors including genetic predisposition, infections, environmental factors, and lifestyle factors.","Weakened immune system, age, family history, chronic stress, poor diet, exposure to pathogens.","Maintain hygiene, get vaccinated where applicable, undergo regular health checkups. Consult a Cardiologist.",Varies — consult specialist for accurate timeline.,"High persistent fever, severe chest pain, shortness of breath, sudden confusion, difficulty breathing.",Consult your doctor,Consult your doctor for personalized guidance.,"Hydration, balanced nutrient-dense diet, low sodium, avoid processed foods.","deep vein thrombosis, deep-vein-thrombosis"
Dehydration Syndrome,General Medicine,Moderate,General Physician,Dehydration Syndrome is a medical condition affecting the general medicine system requiring proper evaluation and treatment by a General Physician.,"Multiple factors including genetic predisposition, infections, environmental factors, and lifestyle factors.","Weakened immune system, age, family history, chronic stress, poor diet, exposure to pathogens.","Maintain hygiene, get vaccinated where applicable, undergo regular health checkups. Consult a General Physician.",Varies — consult specialist for accurate timeline.,"High persistent fever, severe chest pain, shortness of breath, sudden confusion, difficulty breathing.",Consult your doctor,Consult your doctor for personalized guidance.,"Hydration, balanced nutrient-dense diet, low sodium, avoid processed foods.","dehydration syndrome, dehydration-syndrome"
Dengue,Infectious Diseases,Moderate to High,Infectious Disease Specialist / General Physician,"A mosquito-borne viral infection causing high fever, severe body pain, rash, and in severe cases, hemorrhagic complications.",Dengue virus (4 serotypes) transmitted through Aedes aegypti mosquito bites. Second infection with different serotype increases severity risk.,"Living in/traveling to tropical areas, prior dengue infection (different serotype), rainy season, stagnant water near residence.","Mosquito control, eliminate breeding sites (stagnant water), use repellent, wear protective clothing, dengue vaccination where available.",7-10 days. Post-recovery fatigue may last 2-4 weeks.,"Severe abdominal pain, persistent vomiting, bleeding gums/nose, blood in vomit/stool, rapid platelet drop, restlessness, cold clammy skin.",Not person-to-person (mosquito vector only),"Mild cases: rest, hydration, paracetamol (NO aspirin/ibuprofen). Monitor platelet count. Seek hospital care if warning signs appear.","Balanced nutritious diet, adequate water intake, avoid heavy/processed foods.","dengue, dengue"
Deviated Septum,"ENT (Ear, Nose, Throat)",Moderate,ENT Specialist (Otolaryngologist),"Deviated Septum is a medical condition affecting the ent (ear, nose, throat) system requiring proper evaluation and treatment by a ENT Specialist (Otolaryngologist).","Multiple factors including genetic predisposition, infections, environmental factors, and lifestyle factors.","Weakened immune system, age, family history, chronic stress, poor diet, exposure to pathogens.","Maintain hygiene, get vaccinated where applicable, undergo regular health checkups. Consult a ENT Specialist (Otolaryngologist).",Varies — consult specialist for accurate timeline.,"High persistent fever, severe chest pain, shortness of breath, sudden confusion, difficulty breathing.",Consult your doctor,Consult your doctor for personalized guidance.,"Hydration, balanced nutrient-dense diet, low sodium, avoid processed foods.","deviated septum, deviated-septum"
Diabetes,Endocrinology,Moderate to High,Endocrinologist / Diabetologist,A chronic metabolic disorder characterized by elevated blood glucose levels due to insufficient insulin production or insulin resistance.,"Type 2: insulin resistance + progressive beta-cell dysfunction. Genetic predisposition with lifestyle factors (obesity, inactivity, poor diet).","Obesity, sedentary lifestyle, family history, age >45, gestational diabetes history, PCOS, certain ethnicities.","Maintain healthy weight, regular exercise (150 min/week), balanced diet, regular blood sugar screening after age 45.",Chronic condition — requires lifelong management. Well-controlled diabetes allows normal quality of life.,"Blood sugar >300 mg/dL, diabetic ketoacidosis (fruity breath, vomiting, confusion), hypoglycemia (shakiness, confusion, loss of consciousness).",No,"Partial — blood sugar monitoring, diet management, exercise. Most patients need prescribed medications. Regular check-ups essential.","Balanced nutritious diet, adequate water intake, avoid heavy/processed foods.","diabetes, diabetes"
Dimorphic hemmorhoids(piles),Gastroenterology,Moderate,Gastroenterologist,Dimorphic hemmorhoids(piles) is a medical condition affecting the gastroenterology system requiring proper evaluation and treatment by a Gastroenterologist.,"Multiple factors including genetic predisposition, infections, environmental factors, and lifestyle factors.","Weakened immune system, age, family history, chronic stress, poor diet, exposure to pathogens.","Maintain hygiene, get vaccinated where applicable, undergo regular health checkups. Consult a Gastroenterologist.",Varies — consult specialist for accurate timeline.,"High persistent fever, severe chest pain, shortness of breath, sudden confusion, difficulty breathing.",Consult your doctor,Consult your doctor for personalized guidance.,"Hydration, balanced nutrient-dense diet, low sodium, avoid processed foods.","dimorphic hemmorhoids(piles), dimorphic-hemmorhoids(piles)"
Diphtheria,Infectious Diseases,High,Infectious Disease Specialist,Diphtheria is a medical condition affecting the infectious diseases system requiring proper evaluation and treatment by a Infectious Disease Specialist.,"Multiple factors including genetic predisposition, infections, environmental factors, and lifestyle factors.","Weakened immune system, age, family history, chronic stress, poor diet, exposure to pathogens.","Maintain hygiene, get vaccinated where applicable, undergo regular health checkups. Consult a Infectious Disease Specialist.",Varies — consult specialist for accurate timeline.,"High persistent fever, severe chest pain, shortness of breath, sudden confusion, difficulty breathing.",Consult your doctor,Consult your doctor for personalized guidance.,"Hydration, balanced nutrient-dense diet, low sodium, avoid processed foods.","diphtheria, diphtheria"
Diverticulitis,Gastroenterology,Moderate,Gastroenterologist,Diverticulitis is a medical condition affecting the gastroenterology system requiring proper evaluation and treatment by a Gastroenterologist.,"Multiple factors including genetic predisposition, infections, environmental factors, and lifestyle factors.","Weakened immune system, age, family history, chronic stress, poor diet, exposure to pathogens.","Maintain hygiene, get vaccinated where applicable, undergo regular health checkups. Consult a Gastroenterologist.",Varies — consult specialist for accurate timeline.,"High persistent fever, severe chest pain, shortness of breath, sudden confusion, difficulty breathing.",Consult your doctor,Consult your doctor for personalized guidance.,"Hydration, balanced nutrient-dense diet, low sodium, avoid processed foods.","diverticulitis, diverticulitis"
Drug Reaction,General Medicine,Moderate,General Physician,Drug Reaction is a medical condition affecting the general medicine system requiring proper evaluation and treatment by a General Physician.,"Multiple factors including genetic predisposition, infections, environmental factors, and lifestyle factors.","Weakened immune system, age, family history, chronic stress, poor diet, exposure to pathogens.","Maintain hygiene, get vaccinated where applicable, undergo regular health checkups. Consult a General Physician.",Varies — consult specialist for accurate timeline.,"High persistent fever, severe chest pain, shortness of breath, sudden confusion, difficulty breathing.",Consult your doctor,Consult your doctor for personalized guidance.,"Hydration, balanced nutrient-dense diet, low sodium, avoid processed foods.","drug reaction, drug-reaction"
Dry Eye Syndrome,Ophthalmology,Moderate,Ophthalmologist,Dry Eye Syndrome is a medical condition affecting the ophthalmology system requiring proper evaluation and treatment by a Ophthalmologist.,"Multiple factors including genetic predisposition, infections, environmental factors, and lifestyle factors.","Weakened immune system, age, family history, chronic stress, poor diet, exposure to pathogens.","Maintain hygiene, get vaccinated where applicable, undergo regular health checkups. Consult a Ophthalmologist.",Varies — consult specialist for accurate timeline.,"High persistent fever, severe chest pain, shortness of breath, sudden confusion, difficulty breathing.",Consult your doctor,Consult your doctor for personalized guidance.,"Hydration, balanced nutrient-dense diet, low sodium, avoid processed foods.","dry eye syndrome, dry-eye-syndrome"
Eczema,Skin & Dermatology,Moderate,Dermatologist,Eczema is a medical condition affecting the skin & dermatology system requiring proper evaluation and treatment by a Dermatologist.,"Multiple factors including genetic predisposition, infections, environmental factors, and lifestyle factors.","Weakened immune system, age, family history, chronic stress, poor diet, exposure to pathogens.","Maintain hygiene, get vaccinated where applicable, undergo regular health checkups. Consult a Dermatologist.",Varies — consult specialist for accurate timeline.,"High persistent fever, severe chest pain, shortness of breath, sudden confusion, difficulty breathing.",Consult your doctor,Consult your doctor for personalized guidance.,"Hydration, balanced nutrient-dense diet, low sodium, avoid processed foods.","eczema, eczema"
Endocarditis,Cardiovascular,Critical,Cardiologist,Endocarditis is a medical condition affecting the cardiovascular system requiring proper evaluation and treatment by a Cardiologist.,"Multiple factors including genetic predisposition, infections, environmental factors, and lifestyle factors.","Weakened immune system, age, family history, chronic stress, poor diet, exposure to pathogens.","Maintain hygiene, get vaccinated where applicable, undergo regular health checkups. Consult a Cardiologist.",Varies — consult specialist for accurate timeline.,"High persistent fever, severe chest pain, shortness of breath, sudden confusion, difficulty breathing.",Consult your doctor,Consult your doctor for personalized guidance.,"Hydration, balanced nutrient-dense diet, low sodium, avoid processed foods.","endocarditis, endocarditis"
Epiglottitis,"ENT (Ear, Nose, Throat)",Moderate,ENT Specialist (Otolaryngologist),"Epiglottitis is a medical condition affecting the ent (ear, nose, throat) system requiring proper evaluation and treatment by a ENT Specialist (Otolaryngologist).","Multiple factors including genetic predisposition, infections, environmental factors, and lifestyle factors.","Weakened immune system, age, family history, chronic stress, poor diet, exposure to pathogens.","Maintain hygiene, get vaccinated where applicable, undergo regular health checkups. Consult a ENT Specialist (Otolaryngologist).",Varies — consult specialist for accurate timeline.,"High persistent fever, severe chest pain, shortness of breath, sudden confusion, difficulty breathing.",Consult your doctor,Consult your doctor for personalized guidance.,"Hydration, balanced nutrient-dense diet, low sodium, avoid processed foods.","epiglottitis, epiglottitis"
Epilepsy,Neurological,Moderate to High,Neurologist / Epileptologist,"A neurological disorder characterized by recurrent, unprovoked seizures due to abnormal electrical activity in the brain.","Brain injury, stroke, genetic factors, infections (meningitis), developmental disorders. Often cause is unknown.","Family history, head trauma, stroke, brain infections, premature birth, abnormal brain development.","Wear seat belts and helmets, prevent head injuries, manage stroke risk factors, prenatal care to reduce birth complications.",Chronic condition — 60-70% of patients achieve seizure control with medication. Some may eventually discontinue treatment.,"Seizure lasting >5 minutes, repeated seizures without recovery, breathing difficulties after seizure, seizure in water, first-time seizure.",No,"Partial — medication adherence, adequate sleep, avoid seizure triggers (alcohol, flashing lights). Emergency plan needed.","Balanced nutritious diet, adequate water intake, avoid heavy/processed foods.","epilepsy, epilepsy"
Fibromyalgia,Rheumatology & Autoimmune,High,Rheumatologist,Fibromyalgia is a medical condition affecting the rheumatology & autoimmune system requiring proper evaluation and treatment by a Rheumatologist.,"Multiple factors including genetic predisposition, infections, environmental factors, and lifestyle factors.","Weakened immune system, age, family history, chronic stress, poor diet, exposure to pathogens.","Maintain hygiene, get vaccinated where applicable, undergo regular health checkups. Consult a Rheumatologist.",Varies — consult specialist for accurate timeline.,"High persistent fever, severe chest pain, shortness of breath, sudden confusion, difficulty breathing.",Consult your doctor,Consult your doctor for personalized guidance.,"Hydration, balanced nutrient-dense diet, low sodium, avoid processed foods.","fibromyalgia, fibromyalgia"
Folliculitis,Skin & Dermatology,Moderate,Dermatologist,Folliculitis is a medical condition affecting the skin & dermatology system requiring proper evaluation and treatment by a Dermatologist.,"Multiple factors including genetic predisposition, infections, environmental factors, and lifestyle factors.","Weakened immune system, age, family history, chronic stress, poor diet, exposure to pathogens.","Maintain hygiene, get vaccinated where applicable, undergo regular health checkups. Consult a Dermatologist.",Varies — consult specialist for accurate timeline.,"High persistent fever, severe chest pain, shortness of breath, sudden confusion, difficulty breathing.",Consult your doctor,Consult your doctor for personalized guidance.,"Hydration, balanced nutrient-dense diet, low sodium, avoid processed foods.","folliculitis, folliculitis"
Food Poisoning,Gastroenterology,Moderate,Gastroenterologist,Food Poisoning is a medical condition affecting the gastroenterology system requiring proper evaluation and treatment by a Gastroenterologist.,"Multiple factors including genetic predisposition, infections, environmental factors, and lifestyle factors.","Weakened immune system, age, family history, chronic stress, poor diet, exposure to pathogens.","Maintain hygiene, get vaccinated where applicable, undergo regular health checkups. Consult a Gastroenterologist.",Varies — consult specialist for accurate timeline.,"High persistent fever, severe chest pain, shortness of breath, sudden confusion, difficulty breathing.",Consult your doctor,Consult your doctor for personalized guidance.,"Hydration, balanced nutrient-dense diet, low sodium, avoid processed foods.","food poisoning, food-poisoning"
Fungal infection,Skin & Dermatology,Low to Moderate,Dermatologist,"Skin infections caused by fungi (dermatophytes), presenting as itchy, red, ring-shaped or patchy lesions on skin, nails, or scalp.","Dermatophyte fungi (Trichophyton, Microsporum, Epidermophyton) spread through direct contact or contaminated surfaces.","Warm humid climate, excessive sweating, tight clothing, shared personal items, weakened immunity, diabetes.","Keep skin dry, wear breathable fabrics, avoid sharing towels/clothing, treat athlete's foot to prevent spread, antifungal powder in shoes.",Skin: 2-4 weeks. Nails: 3-6 months. Scalp: 4-8 weeks.,"Rapidly spreading redness with fever, pus drainage, severe pain (may indicate bacterial superinfection).",Yes (direct contact and fomites),"Yes for mild cases — OTC antifungal cream/powder, keep area dry. See doctor if not improving in 2 weeks.","Balanced nutritious diet, adequate water intake, avoid heavy/processed foods.","fungal infection, fungal-infection"
GERD,Gastroenterology,Low to Moderate,Gastroenterologist,"A chronic digestive condition where stomach acid frequently flows back into the esophagus, causing heartburn and acid regurgitation.","Weakened lower esophageal sphincter allowing acid reflux. Contributing factors include obesity, hiatal hernia, pregnancy, delayed gastric emptying.","Obesity, pregnancy, hiatal hernia, smoking, certain foods (spicy, fatty, citrus), eating late at night, certain medications.","Maintain healthy weight, eat smaller meals, avoid lying down after eating, elevate head of bed, avoid trigger foods, quit smoking.",Symptoms improve in 2-4 weeks with treatment. Chronic condition requiring ongoing lifestyle management.,"Severe chest pain (rule out heart attack), difficulty swallowing, vomiting blood, black/tarry stools, unexplained weight loss.",No,"Yes for mild symptoms — antacids, dietary changes, weight management. See doctor for frequent symptoms (>2x/week).","Balanced nutritious diet, adequate water intake, avoid heavy/processed foods.","gerd, gerd"
Gallstones,Gastroenterology,Moderate,Gastroenterologist,Gallstones is a medical condition affecting the gastroenterology system requiring proper evaluation and treatment by a Gastroenterologist.,"Multiple factors including genetic predisposition, infections, environmental factors, and lifestyle factors.","Weakened immune system, age, family history, chronic stress, poor diet, exposure to pathogens.","Maintain hygiene, get vaccinated where applicable, undergo regular health checkups. Consult a Gastroenterologist.",Varies — consult specialist for accurate timeline.,"High persistent fever, severe chest pain, shortness of breath, sudden confusion, difficulty breathing.",Consult your doctor,Consult your doctor for personalized guidance.,"Hydration, balanced nutrient-dense diet, low sodium, avoid processed foods.","gallstones, gallstones"
Gastritis,Gastroenterology,Moderate,Gastroenterologist,Gastritis is a medical condition affecting the gastroenterology system requiring proper evaluation and treatment by a Gastroenterologist.,"Multiple factors including genetic predisposition, infections, environmental factors, and lifestyle factors.","Weakened immune system, age, family history, chronic stress, poor diet, exposure to pathogens.","Maintain hygiene, get vaccinated where applicable, undergo regular health checkups. Consult a Gastroenterologist.",Varies — consult specialist for accurate timeline.,"High persistent fever, severe chest pain, shortness of breath, sudden confusion, difficulty breathing.",Consult your doctor,Consult your doctor for personalized guidance.,"Hydration, balanced nutrient-dense diet, low sodium, avoid processed foods.","gastritis, gastritis"
Gastroenteritis,Gastroenterology,Moderate,Gastroenterologist,Gastroenteritis is a medical condition affecting the gastroenterology system requiring proper evaluation and treatment by a Gastroenterologist.,"Multiple factors including genetic predisposition, infections, environmental factors, and lifestyle factors.","Weakened immune system, age, family history, chronic stress, poor diet, exposure to pathogens.","Maintain hygiene, get vaccinated where applicable, undergo regular health checkups. Consult a Gastroenterologist.",Varies — consult specialist for accurate timeline.,"High persistent fever, severe chest pain, shortness of breath, sudden confusion, difficulty breathing.",Consult your doctor,Consult your doctor for personalized guidance.,"Hydration, balanced nutrient-dense diet, low sodium, avoid processed foods.","gastroenteritis, gastroenteritis"
Glaucoma,Ophthalmology,Moderate,Ophthalmologist,Glaucoma is a medical condition affecting the ophthalmology system requiring proper evaluation and treatment by a Ophthalmologist.,"Multiple factors including genetic predisposition, infections, environmental factors, and lifestyle factors.","Weakened immune system, age, family history, chronic stress, poor diet, exposure to pathogens.","Maintain hygiene, get vaccinated where applicable, undergo regular health checkups. Consult a Ophthalmologist.",Varies — consult specialist for accurate timeline.,"High persistent fever, severe chest pain, shortness of breath, sudden confusion, difficulty breathing.",Consult your doctor,Consult your doctor for personalized guidance.,"Hydration, balanced nutrient-dense diet, low sodium, avoid processed foods.","glaucoma, glaucoma"
Gout,Endocrinology,Moderate,Endocrinologist,Gout is a medical condition affecting the endocrinology system requiring proper evaluation and treatment by a Endocrinologist.,"Multiple factors including genetic predisposition, infections, environmental factors, and lifestyle factors.","Weakened immune system, age, family history, chronic stress, poor diet, exposure to pathogens.","Maintain hygiene, get vaccinated where applicable, undergo regular health checkups. Consult a Endocrinologist.",Varies — consult specialist for accurate timeline.,"High persistent fever, severe chest pain, shortness of breath, sudden confusion, difficulty breathing.",Consult your doctor,Consult your doctor for personalized guidance.,"Hydration, balanced nutrient-dense diet, low sodium, avoid processed foods.","gout, gout"
Hand Foot Mouth Disease,Infectious Diseases,High,Infectious Disease Specialist,Hand Foot Mouth Disease is a medical condition affecting the infectious diseases system requiring proper evaluation and treatment by a Infectious Disease Specialist.,"Multiple factors including genetic predisposition, infections, environmental factors, and lifestyle factors.","Weakened immune system, age, family history, chronic stress, poor diet, exposure to pathogens.","Maintain hygiene, get vaccinated where applicable, undergo regular health checkups. Consult a Infectious Disease Specialist.",Varies — consult specialist for accurate timeline.,"High persistent fever, severe chest pain, shortness of breath, sudden confusion, difficulty breathing.",Consult your doctor,Consult your doctor for personalized guidance.,"Hydration, balanced nutrient-dense diet, low sodium, avoid processed foods.","hand foot mouth disease, hand-foot-mouth-disease"
Heart attack,Cardiovascular,Critical,Cardiologist,"A medical emergency where blood flow to part of the heart muscle is blocked, causing tissue damage. Requires immediate treatment.","Coronary artery blockage from atherosclerotic plaque rupture, blood clot formation.","High cholesterol, hypertension, smoking, diabetes, obesity, family history, sedentary lifestyle, stress.","Regular exercise, heart-healthy diet, manage BP/cholesterol/diabetes, quit smoking, stress management.",Hospital: 3-5 days. Full recovery: 3-6 months. Cardiac rehab recommended.,"CALL EMERGENCY IMMEDIATELY. Crushing chest pain, pain radiating to arm/jaw, cold sweat, severe shortness of breath, nausea.",No,NO — this is a medical emergency. Call ambulance immediately. Chew aspirin if not allergic.,"Balanced nutritious diet, adequate water intake, avoid heavy/processed foods.","heart attack, heart-attack"
Heat Stroke,General Medicine,Moderate,General Physician,Heat Stroke is a medical condition affecting the general medicine system requiring proper evaluation and treatment by a General Physician.,"Multiple factors including genetic predisposition, infections, environmental factors, and lifestyle factors.","Weakened immune system, age, family history, chronic stress, poor diet, exposure to pathogens.","Maintain hygiene, get vaccinated where applicable, undergo regular health checkups. Consult a General Physician.",Varies — consult specialist for accurate timeline.,"High persistent fever, severe chest pain, shortness of breath, sudden confusion, difficulty breathing.",Consult your doctor,Consult your doctor for personalized guidance.,"Hydration, balanced nutrient-dense diet, low sodium, avoid processed foods.","heat stroke, heat-stroke"
Hemorrhagic Gastritis,Gastroenterology,Moderate,Gastroenterologist,Hemorrhagic Gastritis is a medical condition affecting the gastroenterology system requiring proper evaluation and treatment by a Gastroenterologist.,"Multiple factors including genetic predisposition, infections, environmental factors, and lifestyle factors.","Weakened immune system, age, family history, chronic stress, poor diet, exposure to pathogens.","Maintain hygiene, get vaccinated where applicable, undergo regular health checkups. Consult a Gastroenterologist.",Varies — consult specialist for accurate timeline.,"High persistent fever, severe chest pain, shortness of breath, sudden confusion, difficulty breathing.",Consult your doctor,Consult your doctor for personalized guidance.,"Hydration, balanced nutrient-dense diet, low sodium, avoid processed foods.","hemorrhagic gastritis, hemorrhagic-gastritis"
Hepatitis B,Gastroenterology,Moderate,Gastroenterologist,Hepatitis B is a medical condition affecting the gastroenterology system requiring proper evaluation and treatment by a Gastroenterologist.,"Multiple factors including genetic predisposition, infections, environmental factors, and lifestyle factors.","Weakened immune system, age, family history, chronic stress, poor diet, exposure to pathogens.","Maintain hygiene, get vaccinated where applicable, undergo regular health checkups. Consult a Gastroenterologist.",Varies — consult specialist for accurate timeline.,"High persistent fever, severe chest pain, shortness of breath, sudden confusion, difficulty breathing.",Consult your doctor,Consult your doctor for personalized guidance.,"Hydration, balanced nutrient-dense diet, low sodium, avoid processed foods.","hepatitis b, hepatitis-b"
Hepatitis C,Gastroenterology,Moderate,Gastroenterologist,Hepatitis C is a medical condition affecting the gastroenterology system requiring proper evaluation and treatment by a Gastroenterologist.,"Multiple factors including genetic predisposition, infections, environmental factors, and lifestyle factors.","Weakened immune system, age, family history, chronic stress, poor diet, exposure to pathogens.","Maintain hygiene, get vaccinated where applicable, undergo regular health checkups. Consult a Gastroenterologist.",Varies — consult specialist for accurate timeline.,"High persistent fever, severe chest pain, shortness of breath, sudden confusion, difficulty breathing.",Consult your doctor,Consult your doctor for personalized guidance.,"Hydration, balanced nutrient-dense diet, low sodium, avoid processed foods.","hepatitis c, hepatitis-c"
Hepatitis D,Gastroenterology,Moderate,Gastroenterologist,Hepatitis D is a medical condition affecting the gastroenterology system requiring proper evaluation and treatment by a Gastroenterologist.,"Multiple factors including genetic predisposition, infections, environmental factors, and lifestyle factors.","Weakened immune system, age, family history, chronic stress, poor diet, exposure to pathogens.","Maintain hygiene, get vaccinated where applicable, undergo regular health checkups. Consult a Gastroenterologist.",Varies — consult specialist for accurate timeline.,"High persistent fever, severe chest pain, shortness of breath, sudden confusion, difficulty breathing.",Consult your doctor,Consult your doctor for personalized guidance.,"Hydration, balanced nutrient-dense diet, low sodium, avoid processed foods.","hepatitis d, hepatitis-d"
Hepatitis E,Gastroenterology,Moderate,Gastroenterologist,Hepatitis E is a medical condition affecting the gastroenterology system requiring proper evaluation and treatment by a Gastroenterologist.,"Multiple factors including genetic predisposition, infections, environmental factors, and lifestyle factors.","Weakened immune system, age, family history, chronic stress, poor diet, exposure to pathogens.","Maintain hygiene, get vaccinated where applicable, undergo regular health checkups. Consult a Gastroenterologist.",Varies — consult specialist for accurate timeline.,"High persistent fever, severe chest pain, shortness of breath, sudden confusion, difficulty breathing.",Consult your doctor,Consult your doctor for personalized guidance.,"Hydration, balanced nutrient-dense diet, low sodium, avoid processed foods.","hepatitis e, hepatitis-e"
Herpes Simplex,Infectious Diseases,High,Infectious Disease Specialist,Herpes Simplex is a medical condition affecting the infectious diseases system requiring proper evaluation and treatment by a Infectious Disease Specialist.,"Multiple factors including genetic predisposition, infections, environmental factors, and lifestyle factors.","Weakened immune system, age, family history, chronic stress, poor diet, exposure to pathogens.","Maintain hygiene, get vaccinated where applicable, undergo regular health checkups. Consult a Infectious Disease Specialist.",Varies — consult specialist for accurate timeline.,"High persistent fever, severe chest pain, shortness of breath, sudden confusion, difficulty breathing.",Consult your doctor,Consult your doctor for personalized guidance.,"Hydration, balanced nutrient-dense diet, low sodium, avoid processed foods.","herpes simplex, herpes-simplex"
Hyperparathyroidism,Endocrinology,Moderate,Endocrinologist,Hyperparathyroidism is a medical condition affecting the endocrinology system requiring proper evaluation and treatment by a Endocrinologist.,"Multiple factors including genetic predisposition, infections, environmental factors, and lifestyle factors.","Weakened immune system, age, family history, chronic stress, poor diet, exposure to pathogens.","Maintain hygiene, get vaccinated where applicable, undergo regular health checkups. Consult a Endocrinologist.",Varies — consult specialist for accurate timeline.,"High persistent fever, severe chest pain, shortness of breath, sudden confusion, difficulty breathing.",Consult your doctor,Consult your doctor for personalized guidance.,"Hydration, balanced nutrient-dense diet, low sodium, avoid processed foods.","hyperparathyroidism, hyperparathyroidism"
Hypertension,Cardiovascular,Moderate to High,Cardiologist / Internal Medicine,"Persistently elevated blood pressure (≥140/90 mmHg) that increases risk of heart disease, stroke, and kidney damage. Often called the 'silent killer'.","Primary: unknown (95% of cases). Secondary: kidney disease, hormonal disorders, medications, sleep apnea.","Family history, age >45, obesity, high salt diet, sedentary lifestyle, stress, excessive alcohol, smoking.","Low-sodium diet, regular exercise, maintain healthy weight, limit alcohol, manage stress, regular BP monitoring.",Chronic condition — requires lifelong management,"BP >180/120, severe headache, chest pain, vision changes, difficulty speaking, blood in urine, seizures.",No,Partial — lifestyle modifications help. Most patients need prescribed medications. Regular monitoring essential.,"Balanced nutritious diet, adequate water intake, avoid heavy/processed foods.","hypertension, hypertension"
Hyperthyroidism,Endocrinology,Moderate,Endocrinologist,Hyperthyroidism is a medical condition affecting the endocrinology system requiring proper evaluation and treatment by a Endocrinologist.,"Multiple factors including genetic predisposition, infections, environmental factors, and lifestyle factors.","Weakened immune system, age, family history, chronic stress, poor diet, exposure to pathogens.","Maintain hygiene, get vaccinated where applicable, undergo regular health checkups. Consult a Endocrinologist.",Varies — consult specialist for accurate timeline.,"High persistent fever, severe chest pain, shortness of breath, sudden confusion, difficulty breathing.",Consult your doctor,Consult your doctor for personalized guidance.,"Hydration, balanced nutrient-dense diet, low sodium, avoid processed foods.","hyperthyroidism, hyperthyroidism"
Hypoglycemia,Endocrinology,Moderate,Endocrinologist,Hypoglycemia is a medical condition affecting the endocrinology system requiring proper evaluation and treatment by a Endocrinologist.,"Multiple factors including genetic predisposition, infections, environmental factors, and lifestyle factors.","Weakened immune system, age, family history, chronic stress, poor diet, exposure to pathogens.","Maintain hygiene, get vaccinated where applicable, undergo regular health checkups. Consult a Endocrinologist.",Varies — consult specialist for accurate timeline.,"High persistent fever, severe chest pain, shortness of breath, sudden confusion, difficulty breathing.",Consult your doctor,Consult your doctor for personalized guidance.,"Hydration, balanced nutrient-dense diet, low sodium, avoid processed foods.","hypoglycemia, hypoglycemia"
Hypothyroidism,Endocrinology,Moderate,Endocrinologist,"An underactive thyroid gland that doesn't produce enough thyroid hormones, causing fatigue, weight gain, cold intolerance, and cognitive slowing.","Hashimoto's thyroiditis (autoimmune — most common), thyroid surgery, radiation therapy, certain medications, iodine deficiency.","Female sex, age >60, family history of thyroid disease, autoimmune disorders, previous thyroid surgery/radiation.","Adequate iodine intake, regular thyroid screening for high-risk individuals, manage autoimmune conditions.",Symptoms improve in 2-4 weeks after starting levothyroxine. Full stabilization in 6-8 weeks. Lifelong treatment needed.,"Myxedema coma (severe hypothermia, unconsciousness, slow breathing) — rare but life-threatening emergency.",No,No — requires prescription thyroid hormone replacement. Regular blood tests to monitor levels.,"Balanced nutritious diet, adequate water intake, avoid heavy/processed foods.","hypothyroidism, hypothyroidism"
Impetigo,Skin & Dermatology,Moderate,Dermatologist,Impetigo is a medical condition affecting the skin & dermatology system requiring proper evaluation and treatment by a Dermatologist.,"Multiple factors including genetic predisposition, infections, environmental factors, and lifestyle factors.","Weakened immune system, age, family history, chronic stress, poor diet, exposure to pathogens.","Maintain hygiene, get vaccinated where applicable, undergo regular health checkups. Consult a Dermatologist.",Varies — consult specialist for accurate timeline.,"High persistent fever, severe chest pain, shortness of breath, sudden confusion, difficulty breathing.",Consult your doctor,Consult your doctor for personalized guidance.,"Hydration, balanced nutrient-dense diet, low sodium, avoid processed foods.","impetigo, impetigo"
Influenza,Respiratory,Moderate,General Physician / Pulmonologist,"A contagious respiratory illness caused by influenza viruses, characterized by sudden onset of high fever, body aches, and respiratory symptoms.","Influenza A and B viruses, transmitted through respiratory droplets and contaminated surfaces.","Age >65 or <5, pregnancy, chronic diseases, immunocompromised, healthcare workers.","Annual flu vaccination, hand hygiene, respiratory etiquette, avoid crowded places during flu season.",1-2 weeks; fatigue may persist longer,"Difficulty breathing, persistent chest pain, confusion, severe vomiting, flu symptoms that improve then return with worsening cough.","Yes (airborne droplets, 5-7 days)","Yes initially — rest, fluids, OTC fever reducers. Antiviral medication (oseltamivir) within 48 hours of onset.","Balanced nutritious diet, adequate water intake, avoid heavy/processed foods.","influenza, influenza"
Insomnia,General Medicine,Moderate,General Physician,Insomnia is a medical condition affecting the general medicine system requiring proper evaluation and treatment by a General Physician.,"Multiple factors including genetic predisposition, infections, environmental factors, and lifestyle factors.","Weakened immune system, age, family history, chronic stress, poor diet, exposure to pathogens.","Maintain hygiene, get vaccinated where applicable, undergo regular health checkups. Consult a General Physician.",Varies — consult specialist for accurate timeline.,"High persistent fever, severe chest pain, shortness of breath, sudden confusion, difficulty breathing.",Consult your doctor,Consult your doctor for personalized guidance.,"Hydration, balanced nutrient-dense diet, low sodium, avoid processed foods.","insomnia, insomnia"
Interstitial Cystitis,Urology & Nephrology,Moderate,Urologist / Nephrologist,Interstitial Cystitis is a medical condition affecting the urology & nephrology system requiring proper evaluation and treatment by a Urologist / Nephrologist.,"Multiple factors including genetic predisposition, infections, environmental factors, and lifestyle factors.","Weakened immune system, age, family history, chronic stress, poor diet, exposure to pathogens.","Maintain hygiene, get vaccinated where applicable, undergo regular health checkups. Consult a Urologist / Nephrologist.",Varies — consult specialist for accurate timeline.,"High persistent fever, severe chest pain, shortness of breath, sudden confusion, difficulty breathing.",Consult your doctor,Consult your doctor for personalized guidance.,"Hydration, balanced nutrient-dense diet, low sodium, avoid processed foods.","interstitial cystitis, interstitial-cystitis"
Iron Deficiency,General Medicine,Moderate,General Physician,Iron Deficiency is a medical condition affecting the general medicine system requiring proper evaluation and treatment by a General Physician.,"Multiple factors including genetic predisposition, infections, environmental factors, and lifestyle factors.","Weakened immune system, age, family history, chronic stress, poor diet, exposure to pathogens.","Maintain hygiene, get vaccinated where applicable, undergo regular health checkups. Consult a General Physician.",Varies — consult specialist for accurate timeline.,"High persistent fever, severe chest pain, shortness of breath, sudden confusion, difficulty breathing.",Consult your doctor,Consult your doctor for personalized guidance.,"Hydration, balanced nutrient-dense diet, low sodium, avoid processed foods.","iron deficiency, iron-deficiency"
Irritable Bowel Syndrome,Gastroenterology,Moderate,Gastroenterologist,Irritable Bowel Syndrome is a medical condition affecting the gastroenterology system requiring proper evaluation and treatment by a Gastroenterologist.,"Multiple factors including genetic predisposition, infections, environmental factors, and lifestyle factors.","Weakened immune system, age, family history, chronic stress, poor diet, exposure to pathogens.","Maintain hygiene, get vaccinated where applicable, undergo regular health checkups. Consult a Gastroenterologist.",Varies — consult specialist for accurate timeline.,"High persistent fever, severe chest pain, shortness of breath, sudden confusion, difficulty breathing.",Consult your doctor,Consult your doctor for personalized guidance.,"Hydration, balanced nutrient-dense diet, low sodium, avoid processed foods.","irritable bowel syndrome, irritable-bowel-syndrome"
Jaundice,Gastroenterology,Moderate,Gastroenterologist,Jaundice is a medical condition affecting the gastroenterology system requiring proper evaluation and treatment by a Gastroenterologist.,"Multiple factors including genetic predisposition, infections, environmental factors, and lifestyle factors.","Weakened immune system, age, family history, chronic stress, poor diet, exposure to pathogens.","Maintain hygiene, get vaccinated where applicable, undergo regular health checkups. Consult a Gastroenterologist.",Varies — consult specialist for accurate timeline.,"High persistent fever, severe chest pain, shortness of breath, sudden confusion, difficulty breathing.",Consult your doctor,Consult your doctor for personalized guidance.,"Hydration, balanced nutrient-dense diet, low sodium, avoid processed foods.","jaundice, jaundice"
Kidney Stones,Urology & Nephrology,Moderate to High,Urologist / Nephrologist,"Hard mineral deposits that form in the kidneys, causing severe pain when passing through the urinary tract. One of the most painful conditions.","Supersaturation of urine with calcium, oxalate, uric acid, or other minerals. Dehydration is the most common contributing factor.","Dehydration, high-protein/sodium diet, obesity, family history, recurrent UTIs, certain medications, gout.","Drink 2-3 liters of water daily, reduce sodium intake, limit animal protein, reduce oxalate-rich foods, maintain healthy weight.","Small stones: pass in 1-6 weeks. Large stones may need lithotripsy or surgery, recovery 1-2 weeks post-procedure.","Severe pain with high fever/chills (infected stone — emergency!), inability to urinate, persistent vomiting, blood in urine with fever.",No,"Yes for small stones — hydration, pain management, strain urine. Stones >6mm or with infection need medical intervention.","Balanced nutritious diet, adequate water intake, avoid heavy/processed foods.","kidney stones, kidney-stones"
Labyrinthitis,"ENT (Ear, Nose, Throat)",Moderate,ENT Specialist (Otolaryngologist),"Labyrinthitis is a medical condition affecting the ent (ear, nose, throat) system requiring proper evaluation and treatment by a ENT Specialist (Otolaryngologist).","Multiple factors including genetic predisposition, infections, environmental factors, and lifestyle factors.","Weakened immune system, age, family history, chronic stress, poor diet, exposure to pathogens.","Maintain hygiene, get vaccinated where applicable, undergo regular health checkups. Consult a ENT Specialist (Otolaryngologist).",Varies — consult specialist for accurate timeline.,"High persistent fever, severe chest pain, shortness of breath, sudden confusion, difficulty breathing.",Consult your doctor,Consult your doctor for personalized guidance.,"Hydration, balanced nutrient-dense diet, low sodium, avoid processed foods.","labyrinthitis, labyrinthitis"
Lactose Intolerance,Gastroenterology,Moderate,Gastroenterologist,Lactose Intolerance is a medical condition affecting the gastroenterology system requiring proper evaluation and treatment by a Gastroenterologist.,"Multiple factors including genetic predisposition, infections, environmental factors, and lifestyle factors.","Weakened immune system, age, family history, chronic stress, poor diet, exposure to pathogens.","Maintain hygiene, get vaccinated where applicable, undergo regular health checkups. Consult a Gastroenterologist.",Varies — consult specialist for accurate timeline.,"High persistent fever, severe chest pain, shortness of breath, sudden confusion, difficulty breathing.",Consult your doctor,Consult your doctor for personalized guidance.,"Hydration, balanced nutrient-dense diet, low sodium, avoid processed foods.","lactose intolerance, lactose-intolerance"
Laryngitis,"ENT (Ear, Nose, Throat)",Moderate,ENT Specialist (Otolaryngologist),"Laryngitis is a medical condition affecting the ent (ear, nose, throat) system requiring proper evaluation and treatment by a ENT Specialist (Otolaryngologist).","Multiple factors including genetic predisposition, infections, environmental factors, and lifestyle factors.","Weakened immune system, age, family history, chronic stress, poor diet, exposure to pathogens.","Maintain hygiene, get vaccinated where applicable, undergo regular health checkups. Consult a ENT Specialist (Otolaryngologist).",Varies — consult specialist for accurate timeline.,"High persistent fever, severe chest pain, shortness of breath, sudden confusion, difficulty breathing.",Consult your doctor,Consult your doctor for personalized guidance.,"Hydration, balanced nutrient-dense diet, low sodium, avoid processed foods.","laryngitis, laryngitis"
Lung Abscess,Respiratory,High,Pulmonologist / Chest Specialist,Lung Abscess is a medical condition affecting the respiratory system requiring proper evaluation and treatment by a Pulmonologist / Chest Specialist.,"Multiple factors including genetic predisposition, infections, environmental factors, and lifestyle factors.","Weakened immune system, age, family history, chronic stress, poor diet, exposure to pathogens.","Maintain hygiene, get vaccinated where applicable, undergo regular health checkups. Consult a Pulmonologist / Chest Specialist.",Varies — consult specialist for accurate timeline.,"High persistent fever, severe chest pain, shortness of breath, sudden confusion, difficulty breathing.",Consult your doctor,Consult your doctor for personalized guidance.,"Hydration, balanced nutrient-dense diet, low sodium, avoid processed foods.","lung abscess, lung-abscess"
Lupus,Rheumatology & Autoimmune,High,Rheumatologist,Lupus is a medical condition affecting the rheumatology & autoimmune system requiring proper evaluation and treatment by a Rheumatologist.,"Multiple factors including genetic predisposition, infections, environmental factors, and lifestyle factors.","Weakened immune system, age, family history, chronic stress, poor diet, exposure to pathogens.","Maintain hygiene, get vaccinated where applicable, undergo regular health checkups. Consult a Rheumatologist.",Varies — consult specialist for accurate timeline.,"High persistent fever, severe chest pain, shortness of breath, sudden confusion, difficulty breathing.",Consult your doctor,Consult your doctor for personalized guidance.,"Hydration, balanced nutrient-dense diet, low sodium, avoid processed foods.","lupus, lupus"
Lyme Disease,Infectious Diseases,High,Infectious Disease Specialist,Lyme Disease is a medical condition affecting the infectious diseases system requiring proper evaluation and treatment by a Infectious Disease Specialist.,"Multiple factors including genetic predisposition, infections, environmental factors, and lifestyle factors.","Weakened immune system, age, family history, chronic stress, poor diet, exposure to pathogens.","Maintain hygiene, get vaccinated where applicable, undergo regular health checkups. Consult a Infectious Disease Specialist.",Varies — consult specialist for accurate timeline.,"High persistent fever, severe chest pain, shortness of breath, sudden confusion, difficulty breathing.",Consult your doctor,Consult your doctor for personalized guidance.,"Hydration, balanced nutrient-dense diet, low sodium, avoid processed foods.","lyme disease, lyme-disease"
Malaria,Infectious Diseases,High,Infectious Disease Specialist / General Physician,"A mosquito-borne parasitic disease causing cyclic fever, chills, sweating, and potentially fatal complications if caused by P. falciparum.","Plasmodium parasites (P. falciparum, P. vivax, P. ovale, P. malariae) transmitted through infected Anopheles mosquito bites.","Travel to endemic areas, lack of mosquito protection, no prophylaxis, pregnancy, young children, immunocompromised.","Mosquito nets, insect repellent, antimalarial prophylaxis when traveling, eliminate standing water, wear long clothing.",Uncomplicated: 2-3 days with treatment. Severe: weeks of recovery. P. vivax/ovale may relapse.,"Very high fever >104°F, confusion/altered consciousness, severe anemia, respiratory distress, jaundice, seizures, dark urine.",Not person-to-person (mosquito vector only),NO — requires immediate antimalarial drug treatment. Delay can be fatal with P. falciparum.,"Balanced nutritious diet, adequate water intake, avoid heavy/processed foods.","malaria, malaria"
Measles,Infectious Diseases,High,Infectious Disease Specialist,Measles is a medical condition affecting the infectious diseases system requiring proper evaluation and treatment by a Infectious Disease Specialist.,"Multiple factors including genetic predisposition, infections, environmental factors, and lifestyle factors.","Weakened immune system, age, family history, chronic stress, poor diet, exposure to pathogens.","Maintain hygiene, get vaccinated where applicable, undergo regular health checkups. Consult a Infectious Disease Specialist.",Varies — consult specialist for accurate timeline.,"High persistent fever, severe chest pain, shortness of breath, sudden confusion, difficulty breathing.",Consult your doctor,Consult your doctor for personalized guidance.,"Hydration, balanced nutrient-dense diet, low sodium, avoid processed foods.","measles, measles"
Melanoma,Skin & Dermatology,Moderate,Dermatologist,Melanoma is a medical condition affecting the skin & dermatology system requiring proper evaluation and treatment by a Dermatologist.,"Multiple factors including genetic predisposition, infections, environmental factors, and lifestyle factors.","Weakened immune system, age, family history, chronic stress, poor diet, exposure to pathogens.","Maintain hygiene, get vaccinated where applicable, undergo regular health checkups. Consult a Dermatologist.",Varies — consult specialist for accurate timeline.,"High persistent fever, severe chest pain, shortness of breath, sudden confusion, difficulty breathing.",Consult your doctor,Consult your doctor for personalized guidance.,"Hydration, balanced nutrient-dense diet, low sodium, avoid processed foods.","melanoma, melanoma"
Meniere Disease,"ENT (Ear, Nose, Throat)",Moderate,ENT Specialist (Otolaryngologist),"Meniere Disease is a medical condition affecting the ent (ear, nose, throat) system requiring proper evaluation and treatment by a ENT Specialist (Otolaryngologist).","Multiple factors including genetic predisposition, infections, environmental factors, and lifestyle factors.","Weakened immune system, age, family history, chronic stress, poor diet, exposure to pathogens.","Maintain hygiene, get vaccinated where applicable, undergo regular health checkups. Consult a ENT Specialist (Otolaryngologist).",Varies — consult specialist for accurate timeline.,"High persistent fever, severe chest pain, shortness of breath, sudden confusion, difficulty breathing.",Consult your doctor,Consult your doctor for personalized guidance.,"Hydration, balanced nutrient-dense diet, low sodium, avoid processed foods.","meniere disease, meniere-disease"
Meningitis,Neurological,High,Neurologist,Meningitis is a medical condition affecting the neurological system requiring proper evaluation and treatment by a Neurologist.,"Multiple factors including genetic predisposition, infections, environmental factors, and lifestyle factors.","Weakened immune system, age, family history, chronic stress, poor diet, exposure to pathogens.","Maintain hygiene, get vaccinated where applicable, undergo regular health checkups. Consult a Neurologist.",Varies — consult specialist for accurate timeline.,"High persistent fever, severe chest pain, shortness of breath, sudden confusion, difficulty breathing.",Consult your doctor,Consult your doctor for personalized guidance.,"Hydration, balanced nutrient-dense diet, low sodium, avoid processed foods.","meningitis, meningitis"
Migraine,Neurological,Moderate,Neurologist,"A neurological condition causing intense, throbbing headaches usually on one side of the head, often accompanied by nausea and sensitivity to light/sound.","Complex neurovascular disorder involving brain chemical imbalances, trigeminal nerve activation, and blood vessel changes.","Family history, female sex, hormonal changes, stress, certain foods (aged cheese, alcohol, MSG), sleep disruption.","Identify and avoid triggers, regular sleep schedule, stress management, prophylactic medications for frequent migraines.",Individual episodes: 4-72 hours. Chronic migraines require ongoing management.,"Sudden worst headache of your life, headache with fever and stiff neck, confusion, seizures, vision loss, weakness on one side.",No,"Yes for mild attacks — dark quiet room, cold compress, OTC pain relievers. Frequent migraines need prescription treatment.","Balanced nutritious diet, adequate water intake, avoid heavy/processed foods.","migraine, migraine"
Migraine with Aura,Neurological,High,Neurologist,Migraine with Aura is a medical condition affecting the neurological system requiring proper evaluation and treatment by a Neurologist.,"Multiple factors including genetic predisposition, infections, environmental factors, and lifestyle factors.","Weakened immune system, age, family history, chronic stress, poor diet, exposure to pathogens.","Maintain hygiene, get vaccinated where applicable, undergo regular health checkups. Consult a Neurologist.",Varies — consult specialist for accurate timeline.,"High persistent fever, severe chest pain, shortness of breath, sudden confusion, difficulty breathing.",Consult your doctor,Consult your doctor for personalized guidance.,"Hydration, balanced nutrient-dense diet, low sodium, avoid processed foods.","migraine with aura, migraine-with-aura"
Mononucleosis,Infectious Diseases,High,Infectious Disease Specialist,Mononucleosis is a medical condition affecting the infectious diseases system requiring proper evaluation and treatment by a Infectious Disease Specialist.,"Multiple factors including genetic predisposition, infections, environmental factors, and lifestyle factors.","Weakened immune system, age, family history, chronic stress, poor diet, exposure to pathogens.","Maintain hygiene, get vaccinated where applicable, undergo regular health checkups. Consult a Infectious Disease Specialist.",Varies — consult specialist for accurate timeline.,"High persistent fever, severe chest pain, shortness of breath, sudden confusion, difficulty breathing.",Consult your doctor,Consult your doctor for personalized guidance.,"Hydration, balanced nutrient-dense diet, low sodium, avoid processed foods.","mononucleosis, mononucleosis"
Multiple Sclerosis,Rheumatology & Autoimmune,High,Rheumatologist,Multiple Sclerosis is a medical condition affecting the rheumatology & autoimmune system requiring proper evaluation and treatment by a Rheumatologist.,"Multiple factors including genetic predisposition, infections, environmental factors, and lifestyle factors.","Weakened immune system, age, family history, chronic stress, poor diet, exposure to pathogens.","Maintain hygiene, get vaccinated where applicable, undergo regular health checkups. Consult a Rheumatologist.",Varies — consult specialist for accurate timeline.,"High persistent fever, severe chest pain, shortness of breath, sudden confusion, difficulty breathing.",Consult your doctor,Consult your doctor for personalized guidance.,"Hydration, balanced nutrient-dense diet, low sodium, avoid processed foods.","multiple sclerosis, multiple-sclerosis"
Mumps,Infectious Diseases,High,Infectious Disease Specialist,Mumps is a medical condition affecting the infectious diseases system requiring proper evaluation and treatment by a Infectious Disease Specialist.,"Multiple factors including genetic predisposition, infections, environmental factors, and lifestyle factors.","Weakened immune system, age, family history, chronic stress, poor diet, exposure to pathogens.","Maintain hygiene, get vaccinated where applicable, undergo regular health checkups. Consult a Infectious Disease Specialist.",Varies — consult specialist for accurate timeline.,"High persistent fever, severe chest pain, shortness of breath, sudden confusion, difficulty breathing.",Consult your doctor,Consult your doctor for personalized guidance.,"Hydration, balanced nutrient-dense diet, low sodium, avoid processed foods.","mumps, mumps"
Myocarditis,Cardiovascular,Critical,Cardiologist,Myocarditis is a medical condition affecting the cardiovascular system requiring proper evaluation and treatment by a Cardiologist.,"Multiple factors including genetic predisposition, infections, environmental factors, and lifestyle factors.","Weakened immune system, age, family history, chronic stress, poor diet, exposure to pathogens.","Maintain hygiene, get vaccinated where applicable, undergo regular health checkups. Consult a Cardiologist.",Varies — consult specialist for accurate timeline.,"High persistent fever, severe chest pain, shortness of breath, sudden confusion, difficulty breathing.",Consult your doctor,Consult your doctor for personalized guidance.,"Hydration, balanced nutrient-dense diet, low sodium, avoid processed foods.","myocarditis, myocarditis"
Nasal Polyps,"ENT (Ear, Nose, Throat)",Moderate,ENT Specialist (Otolaryngologist),"Nasal Polyps is a medical condition affecting the ent (ear, nose, throat) system requiring proper evaluation and treatment by a ENT Specialist (Otolaryngologist).","Multiple factors including genetic predisposition, infections, environmental factors, and lifestyle factors.","Weakened immune system, age, family history, chronic stress, poor diet, exposure to pathogens.","Maintain hygiene, get vaccinated where applicable, undergo regular health checkups. Consult a ENT Specialist (Otolaryngologist).",Varies — consult specialist for accurate timeline.,"High persistent fever, severe chest pain, shortness of breath, sudden confusion, difficulty breathing.",Consult your doctor,Consult your doctor for personalized guidance.,"Hydration, balanced nutrient-dense diet, low sodium, avoid processed foods.","nasal polyps, nasal-polyps"
Nephrotic Syndrome,Urology & Nephrology,Moderate,Urologist / Nephrologist,Nephrotic Syndrome is a medical condition affecting the urology & nephrology system requiring proper evaluation and treatment by a Urologist / Nephrologist.,"Multiple factors including genetic predisposition, infections, environmental factors, and lifestyle factors.","Weakened immune system, age, family history, chronic stress, poor diet, exposure to pathogens.","Maintain hygiene, get vaccinated where applicable, undergo regular health checkups. Consult a Urologist / Nephrologist.",Varies — consult specialist for accurate timeline.,"High persistent fever, severe chest pain, shortness of breath, sudden confusion, difficulty breathing.",Consult your doctor,Consult your doctor for personalized guidance.,"Hydration, balanced nutrient-dense diet, low sodium, avoid processed foods.","nephrotic syndrome, nephrotic-syndrome"
Norovirus,Infectious Diseases,High,Infectious Disease Specialist,Norovirus is a medical condition affecting the infectious diseases system requiring proper evaluation and treatment by a Infectious Disease Specialist.,"Multiple factors including genetic predisposition, infections, environmental factors, and lifestyle factors.","Weakened immune system, age, family history, chronic stress, poor diet, exposure to pathogens.","Maintain hygiene, get vaccinated where applicable, undergo regular health checkups. Consult a Infectious Disease Specialist.",Varies — consult specialist for accurate timeline.,"High persistent fever, severe chest pain, shortness of breath, sudden confusion, difficulty breathing.",Consult your doctor,Consult your doctor for personalized guidance.,"Hydration, balanced nutrient-dense diet, low sodium, avoid processed foods.","norovirus, norovirus"
Obstructive Sleep Apnea,Respiratory,High,Pulmonologist / Chest Specialist,Obstructive Sleep Apnea is a medical condition affecting the respiratory system requiring proper evaluation and treatment by a Pulmonologist / Chest Specialist.,"Multiple factors including genetic predisposition, infections, environmental factors, and lifestyle factors.","Weakened immune system, age, family history, chronic stress, poor diet, exposure to pathogens.","Maintain hygiene, get vaccinated where applicable, undergo regular health checkups. Consult a Pulmonologist / Chest Specialist.",Varies — consult specialist for accurate timeline.,"High persistent fever, severe chest pain, shortness of breath, sudden confusion, difficulty breathing.",Consult your doctor,Consult your doctor for personalized guidance.,"Hydration, balanced nutrient-dense diet, low sodium, avoid processed foods.","obstructive sleep apnea, obstructive-sleep-apnea"
Orbital Cellulitis,Skin & Dermatology,Moderate,Dermatologist,Orbital Cellulitis is a medical condition affecting the skin & dermatology system requiring proper evaluation and treatment by a Dermatologist.,"Multiple factors including genetic predisposition, infections, environmental factors, and lifestyle factors.","Weakened immune system, age, family history, chronic stress, poor diet, exposure to pathogens.","Maintain hygiene, get vaccinated where applicable, undergo regular health checkups. Consult a Dermatologist.",Varies — consult specialist for accurate timeline.,"High persistent fever, severe chest pain, shortness of breath, sudden confusion, difficulty breathing.",Consult your doctor,Consult your doctor for personalized guidance.,"Hydration, balanced nutrient-dense diet, low sodium, avoid processed foods.","orbital cellulitis, orbital-cellulitis"
Osteoarthristis,General Medicine,Moderate,General Physician,Osteoarthristis is a medical condition affecting the general medicine system requiring proper evaluation and treatment by a General Physician.,"Multiple factors including genetic predisposition, infections, environmental factors, and lifestyle factors.","Weakened immune system, age, family history, chronic stress, poor diet, exposure to pathogens.","Maintain hygiene, get vaccinated where applicable, undergo regular health checkups. Consult a General Physician.",Varies — consult specialist for accurate timeline.,"High persistent fever, severe chest pain, shortness of breath, sudden confusion, difficulty breathing.",Consult your doctor,Consult your doctor for personalized guidance.,"Hydration, balanced nutrient-dense diet, low sodium, avoid processed foods.","osteoarthristis, osteoarthristis"
Otitis Media,"ENT (Ear, Nose, Throat)",Moderate,ENT Specialist (Otolaryngologist),"Otitis Media is a medical condition affecting the ent (ear, nose, throat) system requiring proper evaluation and treatment by a ENT Specialist (Otolaryngologist).","Multiple factors including genetic predisposition, infections, environmental factors, and lifestyle factors.","Weakened immune system, age, family history, chronic stress, poor diet, exposure to pathogens.","Maintain hygiene, get vaccinated where applicable, undergo regular health checkups. Consult a ENT Specialist (Otolaryngologist).",Varies — consult specialist for accurate timeline.,"High persistent fever, severe chest pain, shortness of breath, sudden confusion, difficulty breathing.",Consult your doctor,Consult your doctor for personalized guidance.,"Hydration, balanced nutrient-dense diet, low sodium, avoid processed foods.","otitis media, otitis-media"
PCOS,Endocrinology,Moderate,Endocrinologist,PCOS is a medical condition affecting the endocrinology system requiring proper evaluation and treatment by a Endocrinologist.,"Multiple factors including genetic predisposition, infections, environmental factors, and lifestyle factors.","Weakened immune system, age, family history, chronic stress, poor diet, exposure to pathogens.","Maintain hygiene, get vaccinated where applicable, undergo regular health checkups. Consult a Endocrinologist.",Varies — consult specialist for accurate timeline.,"High persistent fever, severe chest pain, shortness of breath, sudden confusion, difficulty breathing.",Consult your doctor,Consult your doctor for personalized guidance.,"Hydration, balanced nutrient-dense diet, low sodium, avoid processed foods.","pcos, pcos"
Pancreatitis,Gastroenterology,Moderate,Gastroenterologist,Pancreatitis is a medical condition affecting the gastroenterology system requiring proper evaluation and treatment by a Gastroenterologist.,"Multiple factors including genetic predisposition, infections, environmental factors, and lifestyle factors.","Weakened immune system, age, family history, chronic stress, poor diet, exposure to pathogens.","Maintain hygiene, get vaccinated where applicable, undergo regular health checkups. Consult a Gastroenterologist.",Varies — consult specialist for accurate timeline.,"High persistent fever, severe chest pain, shortness of breath, sudden confusion, difficulty breathing.",Consult your doctor,Consult your doctor for personalized guidance.,"Hydration, balanced nutrient-dense diet, low sodium, avoid processed foods.","pancreatitis, pancreatitis"
Paralysis (brain hemorrhage),Neurological,High,Neurologist,Paralysis (brain hemorrhage) is a medical condition affecting the neurological system requiring proper evaluation and treatment by a Neurologist.,"Multiple factors including genetic predisposition, infections, environmental factors, and lifestyle factors.","Weakened immune system, age, family history, chronic stress, poor diet, exposure to pathogens.","Maintain hygiene, get vaccinated where applicable, undergo regular health checkups. Consult a Neurologist.",Varies — consult specialist for accurate timeline.,"High persistent fever, severe chest pain, shortness of breath, sudden confusion, difficulty breathing.",Consult your doctor,Consult your doctor for personalized guidance.,"Hydration, balanced nutrient-dense diet, low sodium, avoid processed foods.","paralysis (brain hemorrhage), paralysis-(brain-hemorrhage)"
Parkinson Disease,Neurological,High,Neurologist / Movement Disorder Specialist,"A progressive neurodegenerative disorder affecting movement, caused by loss of dopamine-producing brain cells. Characterized by tremor, rigidity, and slowness.",Loss of dopamine-producing neurons in the substantia nigra. Exact cause unknown; involves genetic and environmental factors.,"Age >60, male sex, family history, pesticide/herbicide exposure, head trauma, rural living.","No proven prevention. Regular exercise, caffeine consumption, and avoiding pesticide exposure may reduce risk.",Chronic progressive condition — no cure. Symptoms managed with medication and therapy long-term.,"Sudden inability to move (freezing episodes), severe confusion, high fever with rigidity (neuroleptic malignant syndrome), falls with head injury.",No,"Partial — exercise programs, physical therapy, support groups. Requires neurologist-prescribed medications (levodopa).","Balanced nutritious diet, adequate water intake, avoid heavy/processed foods.","parkinson disease, parkinson-disease"
Peptic ulcer diseae,Gastroenterology,Moderate,Gastroenterologist,Peptic ulcer diseae is a medical condition affecting the gastroenterology system requiring proper evaluation and treatment by a Gastroenterologist.,"Multiple factors including genetic predisposition, infections, environmental factors, and lifestyle factors.","Weakened immune system, age, family history, chronic stress, poor diet, exposure to pathogens.","Maintain hygiene, get vaccinated where applicable, undergo regular health checkups. Consult a Gastroenterologist.",Varies — consult specialist for accurate timeline.,"High persistent fever, severe chest pain, shortness of breath, sudden confusion, difficulty breathing.",Consult your doctor,Consult your doctor for personalized guidance.,"Hydration, balanced nutrient-dense diet, low sodium, avoid processed foods.","peptic ulcer diseae, peptic-ulcer-diseae"
Pericarditis,Cardiovascular,Critical,Cardiologist,Pericarditis is a medical condition affecting the cardiovascular system requiring proper evaluation and treatment by a Cardiologist.,"Multiple factors including genetic predisposition, infections, environmental factors, and lifestyle factors.","Weakened immune system, age, family history, chronic stress, poor diet, exposure to pathogens.","Maintain hygiene, get vaccinated where applicable, undergo regular health checkups. Consult a Cardiologist.",Varies — consult specialist for accurate timeline.,"High persistent fever, severe chest pain, shortness of breath, sudden confusion, difficulty breathing.",Consult your doctor,Consult your doctor for personalized guidance.,"Hydration, balanced nutrient-dense diet, low sodium, avoid processed foods.","pericarditis, pericarditis"
Peripheral Artery Disease,General Medicine,Moderate,General Physician,Peripheral Artery Disease is a medical condition affecting the general medicine system requiring proper evaluation and treatment by a General Physician.,"Multiple factors including genetic predisposition, infections, environmental factors, and lifestyle factors.","Weakened immune system, age, family history, chronic stress, poor diet, exposure to pathogens.","Maintain hygiene, get vaccinated where applicable, undergo regular health checkups. Consult a General Physician.",Varies — consult specialist for accurate timeline.,"High persistent fever, severe chest pain, shortness of breath, sudden confusion, difficulty breathing.",Consult your doctor,Consult your doctor for personalized guidance.,"Hydration, balanced nutrient-dense diet, low sodium, avoid processed foods.","peripheral artery disease, peripheral-artery-disease"
Peripheral Neuropathy,Neurological,High,Neurologist,Peripheral Neuropathy is a medical condition affecting the neurological system requiring proper evaluation and treatment by a Neurologist.,"Multiple factors including genetic predisposition, infections, environmental factors, and lifestyle factors.","Weakened immune system, age, family history, chronic stress, poor diet, exposure to pathogens.","Maintain hygiene, get vaccinated where applicable, undergo regular health checkups. Consult a Neurologist.",Varies — consult specialist for accurate timeline.,"High persistent fever, severe chest pain, shortness of breath, sudden confusion, difficulty breathing.",Consult your doctor,Consult your doctor for personalized guidance.,"Hydration, balanced nutrient-dense diet, low sodium, avoid processed foods.","peripheral neuropathy, peripheral-neuropathy"
Peritonsillar Abscess,"ENT (Ear, Nose, Throat)",Moderate,ENT Specialist (Otolaryngologist),"Peritonsillar Abscess is a medical condition affecting the ent (ear, nose, throat) system requiring proper evaluation and treatment by a ENT Specialist (Otolaryngologist).","Multiple factors including genetic predisposition, infections, environmental factors, and lifestyle factors.","Weakened immune system, age, family history, chronic stress, poor diet, exposure to pathogens.","Maintain hygiene, get vaccinated where applicable, undergo regular health checkups. Consult a ENT Specialist (Otolaryngologist).",Varies — consult specialist for accurate timeline.,"High persistent fever, severe chest pain, shortness of breath, sudden confusion, difficulty breathing.",Consult your doctor,Consult your doctor for personalized guidance.,"Hydration, balanced nutrient-dense diet, low sodium, avoid processed foods.","peritonsillar abscess, peritonsillar-abscess"
Pharyngitis,"ENT (Ear, Nose, Throat)",Moderate,ENT Specialist (Otolaryngologist),"Pharyngitis is a medical condition affecting the ent (ear, nose, throat) system requiring proper evaluation and treatment by a ENT Specialist (Otolaryngologist).","Multiple factors including genetic predisposition, infections, environmental factors, and lifestyle factors.","Weakened immune system, age, family history, chronic stress, poor diet, exposure to pathogens.","Maintain hygiene, get vaccinated where applicable, undergo regular health checkups. Consult a ENT Specialist (Otolaryngologist).",Varies — consult specialist for accurate timeline.,"High persistent fever, severe chest pain, shortness of breath, sudden confusion, difficulty breathing.",Consult your doctor,Consult your doctor for personalized guidance.,"Hydration, balanced nutrient-dense diet, low sodium, avoid processed foods.","pharyngitis, pharyngitis"
Pleurisy,Respiratory,High,Pulmonologist / Chest Specialist,Pleurisy is a medical condition affecting the respiratory system requiring proper evaluation and treatment by a Pulmonologist / Chest Specialist.,"Multiple factors including genetic predisposition, infections, environmental factors, and lifestyle factors.","Weakened immune system, age, family history, chronic stress, poor diet, exposure to pathogens.","Maintain hygiene, get vaccinated where applicable, undergo regular health checkups. Consult a Pulmonologist / Chest Specialist.",Varies — consult specialist for accurate timeline.,"High persistent fever, severe chest pain, shortness of breath, sudden confusion, difficulty breathing.",Consult your doctor,Consult your doctor for personalized guidance.,"Hydration, balanced nutrient-dense diet, low sodium, avoid processed foods.","pleurisy, pleurisy"
Pneumonia,Respiratory,High,Pulmonologist / Chest Specialist,"An infection that inflames the air sacs in one or both lungs, which may fill with fluid. Can range from mild to life-threatening.","Bacteria (Streptococcus pneumoniae most common), viruses, fungi. Hospital-acquired forms often involve resistant bacteria.","Age >65 or <2, chronic lung disease, smoking, weakened immune system, hospitalization, recent surgery.","Pneumococcal vaccination, flu vaccination, good hygiene, avoid smoking, manage chronic conditions.",1-3 weeks for mild; 6-8 weeks for severe,"Severe difficulty breathing, chest pain, high fever >104°F, confusion, bluish lips/fingertips, coughing up blood.",Varies — bacterial pneumonia less so; viral pneumonia can be contagious,No — requires medical evaluation. Mild cases may be treated at home with prescribed antibiotics.,"Balanced nutritious diet, adequate water intake, avoid heavy/processed foods.","pneumonia, pneumonia"
Prostatitis,Urology & Nephrology,Moderate,Urologist / Nephrologist,Prostatitis is a medical condition affecting the urology & nephrology system requiring proper evaluation and treatment by a Urologist / Nephrologist.,"Multiple factors including genetic predisposition, infections, environmental factors, and lifestyle factors.","Weakened immune system, age, family history, chronic stress, poor diet, exposure to pathogens.","Maintain hygiene, get vaccinated where applicable, undergo regular health checkups. Consult a Urologist / Nephrologist.",Varies — consult specialist for accurate timeline.,"High persistent fever, severe chest pain, shortness of breath, sudden confusion, difficulty breathing.",Consult your doctor,Consult your doctor for personalized guidance.,"Hydration, balanced nutrient-dense diet, low sodium, avoid processed foods.","prostatitis, prostatitis"
Psoriasis,Skin & Dermatology,Moderate,Dermatologist,"A chronic autoimmune skin condition causing rapid skin cell buildup, resulting in thick, silvery scales and itchy, dry, red patches.","Autoimmune — T-cells mistakenly attack healthy skin cells, accelerating skin cell production to 3-4 days instead of normal 3-4 weeks.","Family history, stress, infections (streptococcal), medications (lithium, beta-blockers), obesity, smoking, alcohol.","Manage stress, moisturize regularly, avoid skin trauma, limit alcohol, maintain healthy weight, avoid known triggers.",Chronic condition with flares and remissions. Flares may last weeks to months.,"Generalized redness covering most of the body (erythrodermic psoriasis), fever with widespread pustules, joint swelling with skin symptoms.",No,"Partial — moisturizers, coal tar products, limited sun exposure. Moderate-severe cases need prescription treatment.","Balanced nutritious diet, adequate water intake, avoid heavy/processed foods.","psoriasis, psoriasis"
Psoriatic Arthritis,Rheumatology & Autoimmune,High,Rheumatologist,Psoriatic Arthritis is a medical condition affecting the rheumatology & autoimmune system requiring proper evaluation and treatment by a Rheumatologist.,"Multiple factors including genetic predisposition, infections, environmental factors, and lifestyle factors.","Weakened immune system, age, family history, chronic stress, poor diet, exposure to pathogens.","Maintain hygiene, get vaccinated where applicable, undergo regular health checkups. Consult a Rheumatologist.",Varies — consult specialist for accurate timeline.,"High persistent fever, severe chest pain, shortness of breath, sudden confusion, difficulty breathing.",Consult your doctor,Consult your doctor for personalized guidance.,"Hydration, balanced nutrient-dense diet, low sodium, avoid processed foods.","psoriatic arthritis, psoriatic-arthritis"
Pulmonary Embolism,Cardiovascular,Critical,Cardiologist,Pulmonary Embolism is a medical condition affecting the cardiovascular system requiring proper evaluation and treatment by a Cardiologist.,"Multiple factors including genetic predisposition, infections, environmental factors, and lifestyle factors.","Weakened immune system, age, family history, chronic stress, poor diet, exposure to pathogens.","Maintain hygiene, get vaccinated where applicable, undergo regular health checkups. Consult a Cardiologist.",Varies — consult specialist for accurate timeline.,"High persistent fever, severe chest pain, shortness of breath, sudden confusion, difficulty breathing.",Consult your doctor,Consult your doctor for personalized guidance.,"Hydration, balanced nutrient-dense diet, low sodium, avoid processed foods.","pulmonary embolism, pulmonary-embolism"
Pyelonephritis,Urology & Nephrology,Moderate,Urologist / Nephrologist,Pyelonephritis is a medical condition affecting the urology & nephrology system requiring proper evaluation and treatment by a Urologist / Nephrologist.,"Multiple factors including genetic predisposition, infections, environmental factors, and lifestyle factors.","Weakened immune system, age, family history, chronic stress, poor diet, exposure to pathogens.","Maintain hygiene, get vaccinated where applicable, undergo regular health checkups. Consult a Urologist / Nephrologist.",Varies — consult specialist for accurate timeline.,"High persistent fever, severe chest pain, shortness of breath, sudden confusion, difficulty breathing.",Consult your doctor,Consult your doctor for personalized guidance.,"Hydration, balanced nutrient-dense diet, low sodium, avoid processed foods.","pyelonephritis, pyelonephritis"
Raynaud Disease,Cardiovascular,Critical,Cardiologist,Raynaud Disease is a medical condition affecting the cardiovascular system requiring proper evaluation and treatment by a Cardiologist.,"Multiple factors including genetic predisposition, infections, environmental factors, and lifestyle factors.","Weakened immune system, age, family history, chronic stress, poor diet, exposure to pathogens.","Maintain hygiene, get vaccinated where applicable, undergo regular health checkups. Consult a Cardiologist.",Varies — consult specialist for accurate timeline.,"High persistent fever, severe chest pain, shortness of breath, sudden confusion, difficulty breathing.",Consult your doctor,Consult your doctor for personalized guidance.,"Hydration, balanced nutrient-dense diet, low sodium, avoid processed foods.","raynaud disease, raynaud-disease"
Restless Leg Syndrome,General Medicine,Moderate,General Physician,Restless Leg Syndrome is a medical condition affecting the general medicine system requiring proper evaluation and treatment by a General Physician.,"Multiple factors including genetic predisposition, infections, environmental factors, and lifestyle factors.","Weakened immune system, age, family history, chronic stress, poor diet, exposure to pathogens.","Maintain hygiene, get vaccinated where applicable, undergo regular health checkups. Consult a General Physician.",Varies — consult specialist for accurate timeline.,"High persistent fever, severe chest pain, shortness of breath, sudden confusion, difficulty breathing.",Consult your doctor,Consult your doctor for personalized guidance.,"Hydration, balanced nutrient-dense diet, low sodium, avoid processed foods.","restless leg syndrome, restless-leg-syndrome"
Rheumatoid Arthritis,Rheumatology & Autoimmune,Moderate to High,Rheumatologist,"A chronic autoimmune disease where the immune system attacks joint linings, causing painful swelling, joint deformity, and systemic inflammation.",Autoimmune — immune system attacks synovial membrane of joints. Exact trigger unknown; involves genetic and environmental factors.,"Female sex, age 40-60, family history, smoking, obesity, environmental exposures (silica, asbestos).","No proven prevention. Quit smoking, maintain healthy weight, regular exercise. Early treatment prevents joint damage.",Chronic condition — early aggressive treatment can achieve remission. Flares may last weeks.,"Sudden loss of joint function, severe joint infection signs (red, hot, swollen single joint with fever), vasculitis symptoms, lung involvement.",No,"Partial — gentle exercise, joint protection, heat/cold therapy. Requires disease-modifying drugs (DMARDs) prescribed by rheumatologist.","Balanced nutritious diet, adequate water intake, avoid heavy/processed foods.","rheumatoid arthritis, rheumatoid-arthritis"
Ringworm,Skin & Dermatology,Moderate,Dermatologist,Ringworm is a medical condition affecting the skin & dermatology system requiring proper evaluation and treatment by a Dermatologist.,"Multiple factors including genetic predisposition, infections, environmental factors, and lifestyle factors.","Weakened immune system, age, family history, chronic stress, poor diet, exposure to pathogens.","Maintain hygiene, get vaccinated where applicable, undergo regular health checkups. Consult a Dermatologist.",Varies — consult specialist for accurate timeline.,"High persistent fever, severe chest pain, shortness of breath, sudden confusion, difficulty breathing.",Consult your doctor,Consult your doctor for personalized guidance.,"Hydration, balanced nutrient-dense diet, low sodium, avoid processed foods.","ringworm, ringworm"
Rosacea,Skin & Dermatology,Moderate,Dermatologist,Rosacea is a medical condition affecting the skin & dermatology system requiring proper evaluation and treatment by a Dermatologist.,"Multiple factors including genetic predisposition, infections, environmental factors, and lifestyle factors.","Weakened immune system, age, family history, chronic stress, poor diet, exposure to pathogens.","Maintain hygiene, get vaccinated where applicable, undergo regular health checkups. Consult a Dermatologist.",Varies — consult specialist for accurate timeline.,"High persistent fever, severe chest pain, shortness of breath, sudden confusion, difficulty breathing.",Consult your doctor,Consult your doctor for personalized guidance.,"Hydration, balanced nutrient-dense diet, low sodium, avoid processed foods.","rosacea, rosacea"
Rubella,Infectious Diseases,High,Infectious Disease Specialist,Rubella is a medical condition affecting the infectious diseases system requiring proper evaluation and treatment by a Infectious Disease Specialist.,"Multiple factors including genetic predisposition, infections, environmental factors, and lifestyle factors.","Weakened immune system, age, family history, chronic stress, poor diet, exposure to pathogens.","Maintain hygiene, get vaccinated where applicable, undergo regular health checkups. Consult a Infectious Disease Specialist.",Varies — consult specialist for accurate timeline.,"High persistent fever, severe chest pain, shortness of breath, sudden confusion, difficulty breathing.",Consult your doctor,Consult your doctor for personalized guidance.,"Hydration, balanced nutrient-dense diet, low sodium, avoid processed foods.","rubella, rubella"
Scabies,Skin & Dermatology,Moderate,Dermatologist,Scabies is a medical condition affecting the skin & dermatology system requiring proper evaluation and treatment by a Dermatologist.,"Multiple factors including genetic predisposition, infections, environmental factors, and lifestyle factors.","Weakened immune system, age, family history, chronic stress, poor diet, exposure to pathogens.","Maintain hygiene, get vaccinated where applicable, undergo regular health checkups. Consult a Dermatologist.",Varies — consult specialist for accurate timeline.,"High persistent fever, severe chest pain, shortness of breath, sudden confusion, difficulty breathing.",Consult your doctor,Consult your doctor for personalized guidance.,"Hydration, balanced nutrient-dense diet, low sodium, avoid processed foods.","scabies, scabies"
Scarlet Fever,Infectious Diseases,High,Infectious Disease Specialist,Scarlet Fever is a medical condition affecting the infectious diseases system requiring proper evaluation and treatment by a Infectious Disease Specialist.,"Multiple factors including genetic predisposition, infections, environmental factors, and lifestyle factors.","Weakened immune system, age, family history, chronic stress, poor diet, exposure to pathogens.","Maintain hygiene, get vaccinated where applicable, undergo regular health checkups. Consult a Infectious Disease Specialist.",Varies — consult specialist for accurate timeline.,"High persistent fever, severe chest pain, shortness of breath, sudden confusion, difficulty breathing.",Consult your doctor,Consult your doctor for personalized guidance.,"Hydration, balanced nutrient-dense diet, low sodium, avoid processed foods.","scarlet fever, scarlet-fever"
Sciatica,Neurological,High,Neurologist,Sciatica is a medical condition affecting the neurological system requiring proper evaluation and treatment by a Neurologist.,"Multiple factors including genetic predisposition, infections, environmental factors, and lifestyle factors.","Weakened immune system, age, family history, chronic stress, poor diet, exposure to pathogens.","Maintain hygiene, get vaccinated where applicable, undergo regular health checkups. Consult a Neurologist.",Varies — consult specialist for accurate timeline.,"High persistent fever, severe chest pain, shortness of breath, sudden confusion, difficulty breathing.",Consult your doctor,Consult your doctor for personalized guidance.,"Hydration, balanced nutrient-dense diet, low sodium, avoid processed foods.","sciatica, sciatica"
Seborrheic Dermatitis,Skin & Dermatology,Moderate,Dermatologist,Seborrheic Dermatitis is a medical condition affecting the skin & dermatology system requiring proper evaluation and treatment by a Dermatologist.,"Multiple factors including genetic predisposition, infections, environmental factors, and lifestyle factors.","Weakened immune system, age, family history, chronic stress, poor diet, exposure to pathogens.","Maintain hygiene, get vaccinated where applicable, undergo regular health checkups. Consult a Dermatologist.",Varies — consult specialist for accurate timeline.,"High persistent fever, severe chest pain, shortness of breath, sudden confusion, difficulty breathing.",Consult your doctor,Consult your doctor for personalized guidance.,"Hydration, balanced nutrient-dense diet, low sodium, avoid processed foods.","seborrheic dermatitis, seborrheic-dermatitis"
Shingles,Skin & Dermatology,Moderate,Dermatologist,Shingles is a medical condition affecting the skin & dermatology system requiring proper evaluation and treatment by a Dermatologist.,"Multiple factors including genetic predisposition, infections, environmental factors, and lifestyle factors.","Weakened immune system, age, family history, chronic stress, poor diet, exposure to pathogens.","Maintain hygiene, get vaccinated where applicable, undergo regular health checkups. Consult a Dermatologist.",Varies — consult specialist for accurate timeline.,"High persistent fever, severe chest pain, shortness of breath, sudden confusion, difficulty breathing.",Consult your doctor,Consult your doctor for personalized guidance.,"Hydration, balanced nutrient-dense diet, low sodium, avoid processed foods.","shingles, shingles"
Sinusitis,Respiratory,Low to Moderate,ENT Specialist (Otolaryngologist),"Inflammation of the paranasal sinuses causing facial pain, nasal congestion, thick nasal discharge, and reduced smell.","Viral infection (most common), bacterial infection, allergies, nasal polyps, deviated septum.","Allergic rhinitis, nasal polyps, deviated septum, smoking, dental infections, immunodeficiency.","Treat allergies promptly, use humidifier, nasal saline irrigation, avoid smoking, hand hygiene.",Acute: 7-10 days. Chronic: may require weeks of treatment.,"High fever >102°F, severe headache, visual changes, swelling around eyes, stiff neck.",Viral sinusitis: yes. Bacterial/allergic: no.,"Yes — saline rinse, steam, decongestants. See doctor if symptoms persist >10 days.","Balanced nutritious diet, adequate water intake, avoid heavy/processed foods.","sinusitis, sinusitis"
Sjogren Syndrome,Rheumatology & Autoimmune,High,Rheumatologist,Sjogren Syndrome is a medical condition affecting the rheumatology & autoimmune system requiring proper evaluation and treatment by a Rheumatologist.,"Multiple factors including genetic predisposition, infections, environmental factors, and lifestyle factors.","Weakened immune system, age, family history, chronic stress, poor diet, exposure to pathogens.","Maintain hygiene, get vaccinated where applicable, undergo regular health checkups. Consult a Rheumatologist.",Varies — consult specialist for accurate timeline.,"High persistent fever, severe chest pain, shortness of breath, sudden confusion, difficulty breathing.",Consult your doctor,Consult your doctor for personalized guidance.,"Hydration, balanced nutrient-dense diet, low sodium, avoid processed foods.","sjogren syndrome, sjogren-syndrome"
Stye,Ophthalmology,Moderate,Ophthalmologist,Stye is a medical condition affecting the ophthalmology system requiring proper evaluation and treatment by a Ophthalmologist.,"Multiple factors including genetic predisposition, infections, environmental factors, and lifestyle factors.","Weakened immune system, age, family history, chronic stress, poor diet, exposure to pathogens.","Maintain hygiene, get vaccinated where applicable, undergo regular health checkups. Consult a Ophthalmologist.",Varies — consult specialist for accurate timeline.,"High persistent fever, severe chest pain, shortness of breath, sudden confusion, difficulty breathing.",Consult your doctor,Consult your doctor for personalized guidance.,"Hydration, balanced nutrient-dense diet, low sodium, avoid processed foods.","stye, stye"
Tension Headache,Neurological,High,Neurologist,Tension Headache is a medical condition affecting the neurological system requiring proper evaluation and treatment by a Neurologist.,"Multiple factors including genetic predisposition, infections, environmental factors, and lifestyle factors.","Weakened immune system, age, family history, chronic stress, poor diet, exposure to pathogens.","Maintain hygiene, get vaccinated where applicable, undergo regular health checkups. Consult a Neurologist.",Varies — consult specialist for accurate timeline.,"High persistent fever, severe chest pain, shortness of breath, sudden confusion, difficulty breathing.",Consult your doctor,Consult your doctor for personalized guidance.,"Hydration, balanced nutrient-dense diet, low sodium, avoid processed foods.","tension headache, tension-headache"
Tetanus,Infectious Diseases,High,Infectious Disease Specialist,Tetanus is a medical condition affecting the infectious diseases system requiring proper evaluation and treatment by a Infectious Disease Specialist.,"Multiple factors including genetic predisposition, infections, environmental factors, and lifestyle factors.","Weakened immune system, age, family history, chronic stress, poor diet, exposure to pathogens.","Maintain hygiene, get vaccinated where applicable, undergo regular health checkups. Consult a Infectious Disease Specialist.",Varies — consult specialist for accurate timeline.,"High persistent fever, severe chest pain, shortness of breath, sudden confusion, difficulty breathing.",Consult your doctor,Consult your doctor for personalized guidance.,"Hydration, balanced nutrient-dense diet, low sodium, avoid processed foods.","tetanus, tetanus"
Tinea Versicolor,Skin & Dermatology,Moderate,Dermatologist,Tinea Versicolor is a medical condition affecting the skin & dermatology system requiring proper evaluation and treatment by a Dermatologist.,"Multiple factors including genetic predisposition, infections, environmental factors, and lifestyle factors.","Weakened immune system, age, family history, chronic stress, poor diet, exposure to pathogens.","Maintain hygiene, get vaccinated where applicable, undergo regular health checkups. Consult a Dermatologist.",Varies — consult specialist for accurate timeline.,"High persistent fever, severe chest pain, shortness of breath, sudden confusion, difficulty breathing.",Consult your doctor,Consult your doctor for personalized guidance.,"Hydration, balanced nutrient-dense diet, low sodium, avoid processed foods.","tinea versicolor, tinea-versicolor"
Tinnitus,"ENT (Ear, Nose, Throat)",Moderate,ENT Specialist (Otolaryngologist),"Tinnitus is a medical condition affecting the ent (ear, nose, throat) system requiring proper evaluation and treatment by a ENT Specialist (Otolaryngologist).","Multiple factors including genetic predisposition, infections, environmental factors, and lifestyle factors.","Weakened immune system, age, family history, chronic stress, poor diet, exposure to pathogens.","Maintain hygiene, get vaccinated where applicable, undergo regular health checkups. Consult a ENT Specialist (Otolaryngologist).",Varies — consult specialist for accurate timeline.,"High persistent fever, severe chest pain, shortness of breath, sudden confusion, difficulty breathing.",Consult your doctor,Consult your doctor for personalized guidance.,"Hydration, balanced nutrient-dense diet, low sodium, avoid processed foods.","tinnitus, tinnitus"
Tonsillitis,"ENT (Ear, Nose, Throat)",Moderate,ENT Specialist (Otolaryngologist),"Tonsillitis is a medical condition affecting the ent (ear, nose, throat) system requiring proper evaluation and treatment by a ENT Specialist (Otolaryngologist).","Multiple factors including genetic predisposition, infections, environmental factors, and lifestyle factors.","Weakened immune system, age, family history, chronic stress, poor diet, exposure to pathogens.","Maintain hygiene, get vaccinated where applicable, undergo regular health checkups. Consult a ENT Specialist (Otolaryngologist).",Varies — consult specialist for accurate timeline.,"High persistent fever, severe chest pain, shortness of breath, sudden confusion, difficulty breathing.",Consult your doctor,Consult your doctor for personalized guidance.,"Hydration, balanced nutrient-dense diet, low sodium, avoid processed foods.","tonsillitis, tonsillitis"
Trigeminal Neuralgia,Neurological,High,Neurologist,Trigeminal Neuralgia is a medical condition affecting the neurological system requiring proper evaluation and treatment by a Neurologist.,"Multiple factors including genetic predisposition, infections, environmental factors, and lifestyle factors.","Weakened immune system, age, family history, chronic stress, poor diet, exposure to pathogens.","Maintain hygiene, get vaccinated where applicable, undergo regular health checkups. Consult a Neurologist.",Varies — consult specialist for accurate timeline.,"High persistent fever, severe chest pain, shortness of breath, sudden confusion, difficulty breathing.",Consult your doctor,Consult your doctor for personalized guidance.,"Hydration, balanced nutrient-dense diet, low sodium, avoid processed foods.","trigeminal neuralgia, trigeminal-neuralgia"
Tuberculosis,Respiratory,High,Pulmonologist / Infectious Disease Specialist,"A serious bacterial infection that mainly affects the lungs, caused by Mycobacterium tuberculosis. Can spread to other organs.","Mycobacterium tuberculosis, spread through airborne droplets when an infected person coughs, sneezes, or speaks.","HIV/AIDS, weakened immunity, close contact with TB patients, malnutrition, diabetes, smoking, crowded living conditions.","BCG vaccination, identify and treat latent TB, avoid close contact with active TB patients, good ventilation.",6-9 months with full course of anti-TB drugs,"Coughing up large amounts of blood, severe chest pain, high persistent fever, extreme weight loss, confusion.","Yes (airborne, until 2-3 weeks into treatment)",No — requires supervised medical treatment (DOTS). Never stop medications early.,"Balanced nutritious diet, adequate water intake, avoid heavy/processed foods.","tuberculosis, tuberculosis"
Type 1 Diabetes,Endocrinology,Moderate,Endocrinologist,Type 1 Diabetes is a medical condition affecting the endocrinology system requiring proper evaluation and treatment by a Endocrinologist.,"Multiple factors including genetic predisposition, infections, environmental factors, and lifestyle factors.","Weakened immune system, age, family history, chronic stress, poor diet, exposure to pathogens.","Maintain hygiene, get vaccinated where applicable, undergo regular health checkups. Consult a Endocrinologist.",Varies — consult specialist for accurate timeline.,"High persistent fever, severe chest pain, shortness of breath, sudden confusion, difficulty breathing.",Consult your doctor,Consult your doctor for personalized guidance.,"Hydration, balanced nutrient-dense diet, low sodium, avoid processed foods.","type 1 diabetes, type-1-diabetes"
Typhoid,Infectious Diseases,Moderate to High,Infectious Disease Specialist / General Physician,"A bacterial infection caused by Salmonella typhi, spread through contaminated food and water, causing prolonged fever and GI symptoms.","Salmonella typhi bacteria, transmitted through fecal-oral route via contaminated food, water, or close contact with infected person.","Travel to endemic areas, poor sanitation, contaminated water sources, street food consumption, lack of hand hygiene.","Typhoid vaccination before travel, drink safe water, eat thoroughly cooked food, hand hygiene, avoid street food in endemic areas.",2-4 weeks with antibiotics. Full recovery may take 4-6 weeks.,"Intestinal perforation (sudden severe abdominal pain), high fever >104°F for >2 weeks, intestinal bleeding, confusion, very slow heart rate.",Yes (fecal-oral route),"No — requires antibiotic treatment. Rest, hydration, and easily digestible food as supportive care.","Balanced nutritious diet, adequate water intake, avoid heavy/processed foods.","typhoid, typhoid"
Ulcerative Colitis,Gastroenterology,Moderate to High,Gastroenterologist,"A chronic inflammatory bowel disease affecting the colon and rectum, causing continuous mucosal inflammation with bloody diarrhea and abdominal pain.",Autoimmune — immune system attacks the colon lining. Genetic predisposition with environmental triggers.,"Family history, age 15-30, Ashkenazi Jewish heritage, cessation of smoking (paradoxically), Western diet.",No proven prevention. Regular colonoscopy screening for early detection of complications.,Chronic condition — flares typically last days to weeks. Long-term medication needed to maintain remission.,"Severe bloody diarrhea (>6 episodes/day), high fever, rapid heart rate, severe abdominal pain/distension, signs of dehydration.",No,"Partial — maintain remission with medication adherence, low-residue diet during flares. Active disease needs medical management.","Balanced nutritious diet, adequate water intake, avoid heavy/processed foods.","ulcerative colitis, ulcerative-colitis"
Urinary tract infection,Urology & Nephrology,Low to Moderate,Urologist / General Physician,"A bacterial infection in any part of the urinary system (bladder, urethra, ureters, kidneys). Most commonly affects the bladder (cystitis).",Bacteria (E. coli most common) entering the urinary tract through the urethra. Can ascend to kidneys if untreated.,"Female sex, sexual activity, certain contraceptives, menopause, urinary catheter, kidney stones, diabetes.","Drink plenty of water, urinate after intercourse, wipe front to back, avoid irritating feminine products, cranberry products may help.",Uncomplicated: 3-7 days with antibiotics. Kidney infection: 10-14 days.,"High fever with flank pain (kidney infection), blood in urine, severe pelvic pain, inability to urinate, nausea/vomiting.",No,"Partial — increase water intake, urinary analgesics. Antibiotics needed for cure. See doctor for confirmed diagnosis.","Balanced nutritious diet, adequate water intake, avoid heavy/processed foods.","urinary tract infection, urinary-tract-infection"
Urticaria,Skin & Dermatology,Moderate,Dermatologist,Urticaria is a medical condition affecting the skin & dermatology system requiring proper evaluation and treatment by a Dermatologist.,"Multiple factors including genetic predisposition, infections, environmental factors, and lifestyle factors.","Weakened immune system, age, family history, chronic stress, poor diet, exposure to pathogens.","Maintain hygiene, get vaccinated where applicable, undergo regular health checkups. Consult a Dermatologist.",Varies — consult specialist for accurate timeline.,"High persistent fever, severe chest pain, shortness of breath, sudden confusion, difficulty breathing.",Consult your doctor,Consult your doctor for personalized guidance.,"Hydration, balanced nutrient-dense diet, low sodium, avoid processed foods.","urticaria, urticaria"
Uveitis,Ophthalmology,Moderate,Ophthalmologist,Uveitis is a medical condition affecting the ophthalmology system requiring proper evaluation and treatment by a Ophthalmologist.,"Multiple factors including genetic predisposition, infections, environmental factors, and lifestyle factors.","Weakened immune system, age, family history, chronic stress, poor diet, exposure to pathogens.","Maintain hygiene, get vaccinated where applicable, undergo regular health checkups. Consult a Ophthalmologist.",Varies — consult specialist for accurate timeline.,"High persistent fever, severe chest pain, shortness of breath, sudden confusion, difficulty breathing.",Consult your doctor,Consult your doctor for personalized guidance.,"Hydration, balanced nutrient-dense diet, low sodium, avoid processed foods.","uveitis, uveitis"
Varicose veins,Cardiovascular,Critical,Cardiologist,Varicose veins is a medical condition affecting the cardiovascular system requiring proper evaluation and treatment by a Cardiologist.,"Multiple factors including genetic predisposition, infections, environmental factors, and lifestyle factors.","Weakened immune system, age, family history, chronic stress, poor diet, exposure to pathogens.","Maintain hygiene, get vaccinated where applicable, undergo regular health checkups. Consult a Cardiologist.",Varies — consult specialist for accurate timeline.,"High persistent fever, severe chest pain, shortness of breath, sudden confusion, difficulty breathing.",Consult your doctor,Consult your doctor for personalized guidance.,"Hydration, balanced nutrient-dense diet, low sodium, avoid processed foods.","varicose veins, varicose-veins"
Vestibular Neuritis,"ENT (Ear, Nose, Throat)",Moderate,ENT Specialist (Otolaryngologist),"Vestibular Neuritis is a medical condition affecting the ent (ear, nose, throat) system requiring proper evaluation and treatment by a ENT Specialist (Otolaryngologist).","Multiple factors including genetic predisposition, infections, environmental factors, and lifestyle factors.","Weakened immune system, age, family history, chronic stress, poor diet, exposure to pathogens.","Maintain hygiene, get vaccinated where applicable, undergo regular health checkups. Consult a ENT Specialist (Otolaryngologist).",Varies — consult specialist for accurate timeline.,"High persistent fever, severe chest pain, shortness of breath, sudden confusion, difficulty breathing.",Consult your doctor,Consult your doctor for personalized guidance.,"Hydration, balanced nutrient-dense diet, low sodium, avoid processed foods.","vestibular neuritis, vestibular-neuritis"
Viral Fever,Infectious Diseases,High,Infectious Disease Specialist,Viral Fever is a medical condition affecting the infectious diseases system requiring proper evaluation and treatment by a Infectious Disease Specialist.,"Multiple factors including genetic predisposition, infections, environmental factors, and lifestyle factors.","Weakened immune system, age, family history, chronic stress, poor diet, exposure to pathogens.","Maintain hygiene, get vaccinated where applicable, undergo regular health checkups. Consult a Infectious Disease Specialist.",Varies — consult specialist for accurate timeline.,"High persistent fever, severe chest pain, shortness of breath, sudden confusion, difficulty breathing.",Consult your doctor,Consult your doctor for personalized guidance.,"Hydration, balanced nutrient-dense diet, low sodium, avoid processed foods.","viral fever, viral-fever"
Vitamin D Deficiency,Endocrinology,Moderate,Endocrinologist,Vitamin D Deficiency is a medical condition affecting the endocrinology system requiring proper evaluation and treatment by a Endocrinologist.,"Multiple factors including genetic predisposition, infections, environmental factors, and lifestyle factors.","Weakened immune system, age, family history, chronic stress, poor diet, exposure to pathogens.","Maintain hygiene, get vaccinated where applicable, undergo regular health checkups. Consult a Endocrinologist.",Varies — consult specialist for accurate timeline.,"High persistent fever, severe chest pain, shortness of breath, sudden confusion, difficulty breathing.",Consult your doctor,Consult your doctor for personalized guidance.,"Hydration, balanced nutrient-dense diet, low sodium, avoid processed foods.","vitamin d deficiency, vitamin-d-deficiency"
Vitiligo,Skin & Dermatology,Moderate,Dermatologist,Vitiligo is a medical condition affecting the skin & dermatology system requiring proper evaluation and treatment by a Dermatologist.,"Multiple factors including genetic predisposition, infections, environmental factors, and lifestyle factors.","Weakened immune system, age, family history, chronic stress, poor diet, exposure to pathogens.","Maintain hygiene, get vaccinated where applicable, undergo regular health checkups. Consult a Dermatologist.",Varies — consult specialist for accurate timeline.,"High persistent fever, severe chest pain, shortness of breath, sudden confusion, difficulty breathing.",Consult your doctor,Consult your doctor for personalized guidance.,"Hydration, balanced nutrient-dense diet, low sodium, avoid processed foods.","vitiligo, vitiligo"
Whooping Cough,Respiratory,High,Pulmonologist / Chest Specialist,Whooping Cough is a medical condition affecting the respiratory system requiring proper evaluation and treatment by a Pulmonologist / Chest Specialist.,"Multiple factors including genetic predisposition, infections, environmental factors, and lifestyle factors.","Weakened immune system, age, family history, chronic stress, poor diet, exposure to pathogens.","Maintain hygiene, get vaccinated where applicable, undergo regular health checkups. Consult a Pulmonologist / Chest Specialist.",Varies — consult specialist for accurate timeline.,"High persistent fever, severe chest pain, shortness of breath, sudden confusion, difficulty breathing.",Consult your doctor,Consult your doctor for personalized guidance.,"Hydration, balanced nutrient-dense diet, low sodium, avoid processed foods.","whooping cough, whooping-cough"
Zika Virus,Infectious Diseases,High,Infectious Disease Specialist,Zika Virus is a medical condition affecting the infectious diseases system requiring proper evaluation and treatment by a Infectious Disease Specialist.,"Multiple factors including genetic predisposition, infections, environmental factors, and lifestyle factors.","Weakened immune system, age, family history, chronic stress, poor diet, exposure to pathogens.","Maintain hygiene, get vaccinated where applicable, undergo regular health checkups. Consult a Infectious Disease Specialist.",Varies — consult specialist for accurate timeline.,"High persistent fever, severe chest pain, shortness of breath, sudden confusion, difficulty breathing.",Consult your doctor,Consult your doctor for personalized guidance.,"Hydration, balanced nutrient-dense diet, low sodium, avoid processed foods.","zika virus, zika-virus"
hepatitis A,Gastroenterology,Moderate,Gastroenterologist,hepatitis A is a medical condition affecting the gastroenterology system requiring proper evaluation and treatment by a Gastroenterologist.,"Multiple factors including genetic predisposition, infections, environmental factors, and lifestyle factors.","Weakened immune system, age, family history, chronic stress, poor diet, exposure to pathogens.","Maintain hygiene, get vaccinated where applicable, undergo regular health checkups. Consult a Gastroenterologist.",Varies — consult specialist for accurate timeline.,"High persistent fever, severe chest pain, shortness of breath, sudden confusion, difficulty breathing.",Consult your doctor,Consult your doctor for personalized guidance.,"Hydration, balanced nutrient-dense diet, low sodium, avoid processed foods.","hepatitis a, hepatitis-a"
