disease,category,severity,specialist,description,causes,risk_factors,medications,diet,exercise,prevention,aliases,emergency_signs
(vertigo) Paroxymal Positional Vertigo,Neurological,Moderate,Neurologist,(vertigo) Paroxymal Positional Vertigo is a medical condition affecting the neurological system requiring proper evaluation.,"Viral/bacterial agents, environmental factors, genetic predisposition, lifestyle factors.","Weakened immune system, age, family history, chronic stress, poor diet, exposure to pathogens.",Prescription medications as advised by your healthcare specialist. Do not self-medicate.,"Hydration, balanced nutrient-dense diet, low sodium, avoid processed foods.",Adequate rest during acute phases; light walking and stretching when stable.,"Maintain hygiene, get vaccinated where applicable, undergo regular health checkups.","(vertigo) paroxymal positional vertigo, (vertigo)-paroxymal-positional-vertigo","High persistent fever, severe chest pain, shortness of breath, sudden confusion, difficulty breathing."
AIDS,Infectious,Moderate,Infectious Disease Specialist,AIDS is a medical condition affecting the infectious system requiring proper evaluation.,"Viral/bacterial agents, environmental factors, genetic predisposition, lifestyle factors.","Weakened immune system, age, family history, chronic stress, poor diet, exposure to pathogens.",Prescription medications as advised by your healthcare specialist. Do not self-medicate.,"Hydration, balanced nutrient-dense diet, low sodium, avoid processed foods.",Adequate rest during acute phases; light walking and stretching when stable.,"Maintain hygiene, get vaccinated where applicable, undergo regular health checkups.","aids, aids","High persistent fever, severe chest pain, shortness of breath, sudden confusion, difficulty breathing."
Acne,Dermatology,Mild to Moderate,Dermatologist,Acne is a medical condition affecting the dermatology system requiring proper evaluation.,"Viral/bacterial agents, environmental factors, genetic predisposition, lifestyle factors.","Weakened immune system, age, family history, chronic stress, poor diet, exposure to pathogens.",Prescription medications as advised by your healthcare specialist. Do not self-medicate.,"Hydration, balanced nutrient-dense diet, low sodium, avoid processed foods.",Adequate rest during acute phases; light walking and stretching when stable.,"Maintain hygiene, get vaccinated where applicable, undergo regular health checkups.","acne, acne","High persistent fever, severe chest pain, shortness of breath, sudden confusion, difficulty breathing."
Acute Bronchitis,Respiratory,Mild to Moderate,Pulmonologist,Acute Bronchitis is a medical condition affecting the respiratory system requiring proper evaluation.,"Viral/bacterial agents, environmental factors, genetic predisposition, lifestyle factors.","Weakened immune system, age, family history, chronic stress, poor diet, exposure to pathogens.",Prescription medications as advised by your healthcare specialist. Do not self-medicate.,"Hydration, balanced nutrient-dense diet, low sodium, avoid processed foods.",Adequate rest during acute phases; light walking and stretching when stable.,"Maintain hygiene, get vaccinated where applicable, undergo regular health checkups.","acute bronchitis, acute-bronchitis","High persistent fever, severe chest pain, shortness of breath, sudden confusion, difficulty breathing."
Addison Disease,Endocrine & Metabolic,Mild to Moderate,Endocrinologist,Addison Disease is a medical condition affecting the endocrine & metabolic system requiring proper evaluation.,"Viral/bacterial agents, environmental factors, genetic predisposition, lifestyle factors.","Weakened immune system, age, family history, chronic stress, poor diet, exposure to pathogens.",Prescription medications as advised by your healthcare specialist. Do not self-medicate.,"Hydration, balanced nutrient-dense diet, low sodium, avoid processed foods.",Adequate rest during acute phases; light walking and stretching when stable.,"Maintain hygiene, get vaccinated where applicable, undergo regular health checkups.","addison disease, addison-disease","High persistent fever, severe chest pain, shortness of breath, sudden confusion, difficulty breathing."
Alcoholic hepatitis,Gastrointestinal,Mild to Moderate,Gastroenterologist,Alcoholic hepatitis is a medical condition affecting the gastrointestinal system requiring proper evaluation.,"Viral/bacterial agents, environmental factors, genetic predisposition, lifestyle factors.","Weakened immune system, age, family history, chronic stress, poor diet, exposure to pathogens.",Prescription medications as advised by your healthcare specialist. Do not self-medicate.,"Hydration, balanced nutrient-dense diet, low sodium, avoid processed foods.",Adequate rest during acute phases; light walking and stretching when stable.,"Maintain hygiene, get vaccinated where applicable, undergo regular health checkups.","alcoholic hepatitis, alcoholic-hepatitis","High persistent fever, severe chest pain, shortness of breath, sudden confusion, difficulty breathing."
Allergic Rhinitis,Respiratory,Mild to Moderate,Pulmonologist,Allergic Rhinitis is a medical condition affecting the respiratory system requiring proper evaluation.,"Viral/bacterial agents, environmental factors, genetic predisposition, lifestyle factors.","Weakened immune system, age, family history, chronic stress, poor diet, exposure to pathogens.",Prescription medications as advised by your healthcare specialist. Do not self-medicate.,"Hydration, balanced nutrient-dense diet, low sodium, avoid processed foods.",Adequate rest during acute phases; light walking and stretching when stable.,"Maintain hygiene, get vaccinated where applicable, undergo regular health checkups.","allergic rhinitis, allergic-rhinitis","High persistent fever, severe chest pain, shortness of breath, sudden confusion, difficulty breathing."
Allergy,Infectious,Moderate,Infectious Disease Specialist,Allergy is a medical condition affecting the infectious system requiring proper evaluation.,"Viral/bacterial agents, environmental factors, genetic predisposition, lifestyle factors.","Weakened immune system, age, family history, chronic stress, poor diet, exposure to pathogens.",Prescription medications as advised by your healthcare specialist. Do not self-medicate.,"Hydration, balanced nutrient-dense diet, low sodium, avoid processed foods.",Adequate rest during acute phases; light walking and stretching when stable.,"Maintain hygiene, get vaccinated where applicable, undergo regular health checkups.","allergy, allergy","High persistent fever, severe chest pain, shortness of breath, sudden confusion, difficulty breathing."
Anemia,General & Hematology,Mild to Moderate,Hematologist / General Physician,Anemia is a medical condition affecting the general & hematology system requiring proper evaluation.,"Viral/bacterial agents, environmental factors, genetic predisposition, lifestyle factors.","Weakened immune system, age, family history, chronic stress, poor diet, exposure to pathogens.",Prescription medications as advised by your healthcare specialist. Do not self-medicate.,"Hydration, balanced nutrient-dense diet, low sodium, avoid processed foods.",Adequate rest during acute phases; light walking and stretching when stable.,"Maintain hygiene, get vaccinated where applicable, undergo regular health checkups.","anemia, anemia","High persistent fever, severe chest pain, shortness of breath, sudden confusion, difficulty breathing."
Angina,Cardiovascular,Moderate,Cardiologist,Angina is a medical condition affecting the cardiovascular system requiring proper evaluation.,"Viral/bacterial agents, environmental factors, genetic predisposition, lifestyle factors.","Weakened immune system, age, family history, chronic stress, poor diet, exposure to pathogens.",Prescription medications as advised by your healthcare specialist. Do not self-medicate.,"Hydration, balanced nutrient-dense diet, low sodium, avoid processed foods.",Adequate rest during acute phases; light walking and stretching when stable.,"Maintain hygiene, get vaccinated where applicable, undergo regular health checkups.","angina, angina","High persistent fever, severe chest pain, shortness of breath, sudden confusion, difficulty breathing."
Ankylosing Spondylitis,Rheumatology,Mild to Moderate,Rheumatologist,Ankylosing Spondylitis is a medical condition affecting the rheumatology system requiring proper evaluation.,"Viral/bacterial agents, environmental factors, genetic predisposition, lifestyle factors.","Weakened immune system, age, family history, chronic stress, poor diet, exposure to pathogens.",Prescription medications as advised by your healthcare specialist. Do not self-medicate.,"Hydration, balanced nutrient-dense diet, low sodium, avoid processed foods.",Adequate rest during acute phases; light walking and stretching when stable.,"Maintain hygiene, get vaccinated where applicable, undergo regular health checkups.","ankylosing spondylitis, ankylosing-spondylitis","High persistent fever, severe chest pain, shortness of breath, sudden confusion, difficulty breathing."
Aortic Aneurysm,Cardiovascular,Emergency,Cardiologist,Aortic Aneurysm is a medical condition affecting the cardiovascular system requiring proper evaluation.,"Viral/bacterial agents, environmental factors, genetic predisposition, lifestyle factors.","Weakened immune system, age, family history, chronic stress, poor diet, exposure to pathogens.",Prescription medications as advised by your healthcare specialist. Do not self-medicate.,"Hydration, balanced nutrient-dense diet, low sodium, avoid processed foods.",Adequate rest during acute phases; light walking and stretching when stable.,"Maintain hygiene, get vaccinated where applicable, undergo regular health checkups.","aortic aneurysm, aortic-aneurysm","High persistent fever, severe chest pain, shortness of breath, sudden confusion, difficulty breathing."
Appendicitis,Gastrointestinal,High,Gastroenterologist,Appendicitis is a medical condition affecting the gastrointestinal system requiring proper evaluation.,"Viral/bacterial agents, environmental factors, genetic predisposition, lifestyle factors.","Weakened immune system, age, family history, chronic stress, poor diet, exposure to pathogens.",Prescription medications as advised by your healthcare specialist. Do not self-medicate.,"Hydration, balanced nutrient-dense diet, low sodium, avoid processed foods.",Adequate rest during acute phases; light walking and stretching when stable.,"Maintain hygiene, get vaccinated where applicable, undergo regular health checkups.","appendicitis, appendicitis","High persistent fever, severe chest pain, shortness of breath, sudden confusion, difficulty breathing."
Athletes Foot,Dermatology,Mild to Moderate,Dermatologist,Athletes Foot is a medical condition affecting the dermatology system requiring proper evaluation.,"Viral/bacterial agents, environmental factors, genetic predisposition, lifestyle factors.","Weakened immune system, age, family history, chronic stress, poor diet, exposure to pathogens.",Prescription medications as advised by your healthcare specialist. Do not self-medicate.,"Hydration, balanced nutrient-dense diet, low sodium, avoid processed foods.",Adequate rest during acute phases; light walking and stretching when stable.,"Maintain hygiene, get vaccinated where applicable, undergo regular health checkups.","athletes foot, athletes-foot","High persistent fever, severe chest pain, shortness of breath, sudden confusion, difficulty breathing."
Atrial Fibrillation,Cardiovascular,Moderate,Cardiologist,Atrial Fibrillation is a medical condition affecting the cardiovascular system requiring proper evaluation.,"Viral/bacterial agents, environmental factors, genetic predisposition, lifestyle factors.","Weakened immune system, age, family history, chronic stress, poor diet, exposure to pathogens.",Prescription medications as advised by your healthcare specialist. Do not self-medicate.,"Hydration, balanced nutrient-dense diet, low sodium, avoid processed foods.",Adequate rest during acute phases; light walking and stretching when stable.,"Maintain hygiene, get vaccinated where applicable, undergo regular health checkups.","atrial fibrillation, atrial-fibrillation","High persistent fever, severe chest pain, shortness of breath, sudden confusion, difficulty breathing."
Bell Palsy,Neurological,Moderate,Neurologist,Bell Palsy is a medical condition affecting the neurological system requiring proper evaluation.,"Viral/bacterial agents, environmental factors, genetic predisposition, lifestyle factors.","Weakened immune system, age, family history, chronic stress, poor diet, exposure to pathogens.",Prescription medications as advised by your healthcare specialist. Do not self-medicate.,"Hydration, balanced nutrient-dense diet, low sodium, avoid processed foods.",Adequate rest during acute phases; light walking and stretching when stable.,"Maintain hygiene, get vaccinated where applicable, undergo regular health checkups.","bell palsy, bell-palsy","High persistent fever, severe chest pain, shortness of breath, sudden confusion, difficulty breathing."
Bladder Infection,Kidney & Urinary,Mild to Moderate,Nephrologist / Urologist,Bladder Infection is a medical condition affecting the kidney & urinary system requiring proper evaluation.,"Viral/bacterial agents, environmental factors, genetic predisposition, lifestyle factors.","Weakened immune system, age, family history, chronic stress, poor diet, exposure to pathogens.",Prescription medications as advised by your healthcare specialist. Do not self-medicate.,"Hydration, balanced nutrient-dense diet, low sodium, avoid processed foods.",Adequate rest during acute phases; light walking and stretching when stable.,"Maintain hygiene, get vaccinated where applicable, undergo regular health checkups.","bladder infection, bladder-infection","High persistent fever, severe chest pain, shortness of breath, sudden confusion, difficulty breathing."
Blepharitis,Ophthalmology,Mild to Moderate,Ophthalmologist,Blepharitis is a medical condition affecting the ophthalmology system requiring proper evaluation.,"Viral/bacterial agents, environmental factors, genetic predisposition, lifestyle factors.","Weakened immune system, age, family history, chronic stress, poor diet, exposure to pathogens.",Prescription medications as advised by your healthcare specialist. Do not self-medicate.,"Hydration, balanced nutrient-dense diet, low sodium, avoid processed foods.",Adequate rest during acute phases; light walking and stretching when stable.,"Maintain hygiene, get vaccinated where applicable, undergo regular health checkups.","blepharitis, blepharitis","High persistent fever, severe chest pain, shortness of breath, sudden confusion, difficulty breathing."
Bronchial Asthma,Respiratory,Mild to Moderate,Pulmonologist,Bronchial Asthma is a medical condition affecting the respiratory system requiring proper evaluation.,"Viral/bacterial agents, environmental factors, genetic predisposition, lifestyle factors.","Weakened immune system, age, family history, chronic stress, poor diet, exposure to pathogens.",Prescription medications as advised by your healthcare specialist. Do not self-medicate.,"Hydration, balanced nutrient-dense diet, low sodium, avoid processed foods.",Adequate rest during acute phases; light walking and stretching when stable.,"Maintain hygiene, get vaccinated where applicable, undergo regular health checkups.","bronchial asthma, bronchial-asthma","High persistent fever, severe chest pain, shortness of breath, sudden confusion, difficulty breathing."
COPD,Respiratory,Mild to Moderate,Pulmonologist,COPD is a medical condition affecting the respiratory system requiring proper evaluation.,"Viral/bacterial agents, environmental factors, genetic predisposition, lifestyle factors.","Weakened immune system, age, family history, chronic stress, poor diet, exposure to pathogens.",Prescription medications as advised by your healthcare specialist. Do not self-medicate.,"Hydration, balanced nutrient-dense diet, low sodium, avoid processed foods.",Adequate rest during acute phases; light walking and stretching when stable.,"Maintain hygiene, get vaccinated where applicable, undergo regular health checkups.","copd, copd","High persistent fever, severe chest pain, shortness of breath, sudden confusion, difficulty breathing."
Carpal Tunnel Syndrome,Neurological,Moderate,Neurologist,Carpal Tunnel Syndrome is a medical condition affecting the neurological system requiring proper evaluation.,"Viral/bacterial agents, environmental factors, genetic predisposition, lifestyle factors.","Weakened immune system, age, family history, chronic stress, poor diet, exposure to pathogens.",Prescription medications as advised by your healthcare specialist. Do not self-medicate.,"Hydration, balanced nutrient-dense diet, low sodium, avoid processed foods.",Adequate rest during acute phases; light walking and stretching when stable.,"Maintain hygiene, get vaccinated where applicable, undergo regular health checkups.","carpal tunnel syndrome, carpal-tunnel-syndrome","High persistent fever, severe chest pain, shortness of breath, sudden confusion, difficulty breathing."
Celiac Disease,Gastrointestinal,Mild to Moderate,Gastroenterologist,Celiac Disease is a medical condition affecting the gastrointestinal system requiring proper evaluation.,"Viral/bacterial agents, environmental factors, genetic predisposition, lifestyle factors.","Weakened immune system, age, family history, chronic stress, poor diet, exposure to pathogens.",Prescription medications as advised by your healthcare specialist. Do not self-medicate.,"Hydration, balanced nutrient-dense diet, low sodium, avoid processed foods.",Adequate rest during acute phases; light walking and stretching when stable.,"Maintain hygiene, get vaccinated where applicable, undergo regular health checkups.","celiac disease, celiac-disease","High persistent fever, severe chest pain, shortness of breath, sudden confusion, difficulty breathing."
Cellulitis,Dermatology,High,Dermatologist,Cellulitis is a medical condition affecting the dermatology system requiring proper evaluation.,"Viral/bacterial agents, environmental factors, genetic predisposition, lifestyle factors.","Weakened immune system, age, family history, chronic stress, poor diet, exposure to pathogens.",Prescription medications as advised by your healthcare specialist. Do not self-medicate.,"Hydration, balanced nutrient-dense diet, low sodium, avoid processed foods.",Adequate rest during acute phases; light walking and stretching when stable.,"Maintain hygiene, get vaccinated where applicable, undergo regular health checkups.","cellulitis, cellulitis","High persistent fever, severe chest pain, shortness of breath, sudden confusion, difficulty breathing."
Cervical spondylosis,Neurological,Moderate,Neurologist,Cervical spondylosis is a medical condition affecting the neurological system requiring proper evaluation.,"Viral/bacterial agents, environmental factors, genetic predisposition, lifestyle factors.","Weakened immune system, age, family history, chronic stress, poor diet, exposure to pathogens.",Prescription medications as advised by your healthcare specialist. Do not self-medicate.,"Hydration, balanced nutrient-dense diet, low sodium, avoid processed foods.",Adequate rest during acute phases; light walking and stretching when stable.,"Maintain hygiene, get vaccinated where applicable, undergo regular health checkups.","cervical spondylosis, cervical-spondylosis","High persistent fever, severe chest pain, shortness of breath, sudden confusion, difficulty breathing."
Chicken pox,Infectious,Moderate,Infectious Disease Specialist,Chicken pox is a medical condition affecting the infectious system requiring proper evaluation.,"Viral/bacterial agents, environmental factors, genetic predisposition, lifestyle factors.","Weakened immune system, age, family history, chronic stress, poor diet, exposure to pathogens.",Prescription medications as advised by your healthcare specialist. Do not self-medicate.,"Hydration, balanced nutrient-dense diet, low sodium, avoid processed foods.",Adequate rest during acute phases; light walking and stretching when stable.,"Maintain hygiene, get vaccinated where applicable, undergo regular health checkups.","chicken pox, chicken-pox","High persistent fever, severe chest pain, shortness of breath, sudden confusion, difficulty breathing."
Chikungunya,Infectious,Moderate,Infectious Disease Specialist,Chikungunya is a medical condition affecting the infectious system requiring proper evaluation.,"Viral/bacterial agents, environmental factors, genetic predisposition, lifestyle factors.","Weakened immune system, age, family history, chronic stress, poor diet, exposure to pathogens.",Prescription medications as advised by your healthcare specialist. Do not self-medicate.,"Hydration, balanced nutrient-dense diet, low sodium, avoid processed foods.",Adequate rest during acute phases; light walking and stretching when stable.,"Maintain hygiene, get vaccinated where applicable, undergo regular health checkups.","chikungunya, chikungunya","High persistent fever, severe chest pain, shortness of breath, sudden confusion, difficulty breathing."
Cholera,Infectious,Moderate,Infectious Disease Specialist,Cholera is a medical condition affecting the infectious system requiring proper evaluation.,"Viral/bacterial agents, environmental factors, genetic predisposition, lifestyle factors.","Weakened immune system, age, family history, chronic stress, poor diet, exposure to pathogens.",Prescription medications as advised by your healthcare specialist. Do not self-medicate.,"Hydration, balanced nutrient-dense diet, low sodium, avoid processed foods.",Adequate rest during acute phases; light walking and stretching when stable.,"Maintain hygiene, get vaccinated where applicable, undergo regular health checkups.","cholera, cholera","High persistent fever, severe chest pain, shortness of breath, sudden confusion, difficulty breathing."
Chronic Fatigue Syndrome,General & Internal Medicine,Mild to Moderate,General Physician / Internist,Chronic Fatigue Syndrome is a medical condition affecting the general & internal medicine system requiring proper evaluation.,"Viral/bacterial agents, environmental factors, genetic predisposition, lifestyle factors.","Weakened immune system, age, family history, chronic stress, poor diet, exposure to pathogens.",Prescription medications as advised by your healthcare specialist. Do not self-medicate.,"Hydration, balanced nutrient-dense diet, low sodium, avoid processed foods.",Adequate rest during acute phases; light walking and stretching when stable.,"Maintain hygiene, get vaccinated where applicable, undergo regular health checkups.","chronic fatigue syndrome, chronic-fatigue-syndrome","High persistent fever, severe chest pain, shortness of breath, sudden confusion, difficulty breathing."
Chronic Kidney Disease,Kidney & Urinary,Mild to Moderate,Nephrologist / Urologist,Chronic Kidney Disease is a medical condition affecting the kidney & urinary system requiring proper evaluation.,"Viral/bacterial agents, environmental factors, genetic predisposition, lifestyle factors.","Weakened immune system, age, family history, chronic stress, poor diet, exposure to pathogens.",Prescription medications as advised by your healthcare specialist. Do not self-medicate.,"Hydration, balanced nutrient-dense diet, low sodium, avoid processed foods.",Adequate rest during acute phases; light walking and stretching when stable.,"Maintain hygiene, get vaccinated where applicable, undergo regular health checkups.","chronic kidney disease, chronic-kidney-disease","High persistent fever, severe chest pain, shortness of breath, sudden confusion, difficulty breathing."
Chronic cholestasis,Gastrointestinal,Mild to Moderate,Gastroenterologist,Chronic cholestasis is a medical condition affecting the gastrointestinal system requiring proper evaluation.,"Viral/bacterial agents, environmental factors, genetic predisposition, lifestyle factors.","Weakened immune system, age, family history, chronic stress, poor diet, exposure to pathogens.",Prescription medications as advised by your healthcare specialist. Do not self-medicate.,"Hydration, balanced nutrient-dense diet, low sodium, avoid processed foods.",Adequate rest during acute phases; light walking and stretching when stable.,"Maintain hygiene, get vaccinated where applicable, undergo regular health checkups.","chronic cholestasis, chronic-cholestasis","High persistent fever, severe chest pain, shortness of breath, sudden confusion, difficulty breathing."
Cluster Headache,Neurological,Moderate,Neurologist,Cluster Headache is a medical condition affecting the neurological system requiring proper evaluation.,"Viral/bacterial agents, environmental factors, genetic predisposition, lifestyle factors.","Weakened immune system, age, family history, chronic stress, poor diet, exposure to pathogens.",Prescription medications as advised by your healthcare specialist. Do not self-medicate.,"Hydration, balanced nutrient-dense diet, low sodium, avoid processed foods.",Adequate rest during acute phases; light walking and stretching when stable.,"Maintain hygiene, get vaccinated where applicable, undergo regular health checkups.","cluster headache, cluster-headache","High persistent fever, severe chest pain, shortness of breath, sudden confusion, difficulty breathing."
Common Cold,Respiratory,Mild to Moderate,Pulmonologist,Common Cold is a medical condition affecting the respiratory system requiring proper evaluation.,"Viral/bacterial agents, environmental factors, genetic predisposition, lifestyle factors.","Weakened immune system, age, family history, chronic stress, poor diet, exposure to pathogens.",Prescription medications as advised by your healthcare specialist. Do not self-medicate.,"Hydration, balanced nutrient-dense diet, low sodium, avoid processed foods.",Adequate rest during acute phases; light walking and stretching when stable.,"Maintain hygiene, get vaccinated where applicable, undergo regular health checkups.","common cold, common-cold","High persistent fever, severe chest pain, shortness of breath, sudden confusion, difficulty breathing."
Conjunctivitis,Ophthalmology,Mild to Moderate,Ophthalmologist,Conjunctivitis is a medical condition affecting the ophthalmology system requiring proper evaluation.,"Viral/bacterial agents, environmental factors, genetic predisposition, lifestyle factors.","Weakened immune system, age, family history, chronic stress, poor diet, exposure to pathogens.",Prescription medications as advised by your healthcare specialist. Do not self-medicate.,"Hydration, balanced nutrient-dense diet, low sodium, avoid processed foods.",Adequate rest during acute phases; light walking and stretching when stable.,"Maintain hygiene, get vaccinated where applicable, undergo regular health checkups.","conjunctivitis, conjunctivitis","High persistent fever, severe chest pain, shortness of breath, sudden confusion, difficulty breathing."
Contact Dermatitis,Dermatology,Mild to Moderate,Dermatologist,Contact Dermatitis is a medical condition affecting the dermatology system requiring proper evaluation.,"Viral/bacterial agents, environmental factors, genetic predisposition, lifestyle factors.","Weakened immune system, age, family history, chronic stress, poor diet, exposure to pathogens.",Prescription medications as advised by your healthcare specialist. Do not self-medicate.,"Hydration, balanced nutrient-dense diet, low sodium, avoid processed foods.",Adequate rest during acute phases; light walking and stretching when stable.,"Maintain hygiene, get vaccinated where applicable, undergo regular health checkups.","contact dermatitis, contact-dermatitis","High persistent fever, severe chest pain, shortness of breath, sudden confusion, difficulty breathing."
Corneal Abrasion,Ophthalmology,Mild to Moderate,Ophthalmologist,Corneal Abrasion is a medical condition affecting the ophthalmology system requiring proper evaluation.,"Viral/bacterial agents, environmental factors, genetic predisposition, lifestyle factors.","Weakened immune system, age, family history, chronic stress, poor diet, exposure to pathogens.",Prescription medications as advised by your healthcare specialist. Do not self-medicate.,"Hydration, balanced nutrient-dense diet, low sodium, avoid processed foods.",Adequate rest during acute phases; light walking and stretching when stable.,"Maintain hygiene, get vaccinated where applicable, undergo regular health checkups.","corneal abrasion, corneal-abrasion","High persistent fever, severe chest pain, shortness of breath, sudden confusion, difficulty breathing."
Croup,Respiratory,Mild to Moderate,Pulmonologist,Croup is a medical condition affecting the respiratory system requiring proper evaluation.,"Viral/bacterial agents, environmental factors, genetic predisposition, lifestyle factors.","Weakened immune system, age, family history, chronic stress, poor diet, exposure to pathogens.",Prescription medications as advised by your healthcare specialist. Do not self-medicate.,"Hydration, balanced nutrient-dense diet, low sodium, avoid processed foods.",Adequate rest during acute phases; light walking and stretching when stable.,"Maintain hygiene, get vaccinated where applicable, undergo regular health checkups.","croup, croup","High persistent fever, severe chest pain, shortness of breath, sudden confusion, difficulty breathing."
Cushing Syndrome,Endocrine & Metabolic,Mild to Moderate,Endocrinologist,Cushing Syndrome is a medical condition affecting the endocrine & metabolic system requiring proper evaluation.,"Viral/bacterial agents, environmental factors, genetic predisposition, lifestyle factors.","Weakened immune system, age, family history, chronic stress, poor diet, exposure to pathogens.",Prescription medications as advised by your healthcare specialist. Do not self-medicate.,"Hydration, balanced nutrient-dense diet, low sodium, avoid processed foods.",Adequate rest during acute phases; light walking and stretching when stable.,"Maintain hygiene, get vaccinated where applicable, undergo regular health checkups.","cushing syndrome, cushing-syndrome","High persistent fever, severe chest pain, shortness of breath, sudden confusion, difficulty breathing."
Deep Vein Thrombosis,Cardiovascular,High,Cardiologist,Deep Vein Thrombosis is a medical condition affecting the cardiovascular system requiring proper evaluation.,"Viral/bacterial agents, environmental factors, genetic predisposition, lifestyle factors.","Weakened immune system, age, family history, chronic stress, poor diet, exposure to pathogens.",Prescription medications as advised by your healthcare specialist. Do not self-medicate.,"Hydration, balanced nutrient-dense diet, low sodium, avoid processed foods.",Adequate rest during acute phases; light walking and stretching when stable.,"Maintain hygiene, get vaccinated where applicable, undergo regular health checkups.","deep vein thrombosis, deep-vein-thrombosis","High persistent fever, severe chest pain, shortness of breath, sudden confusion, difficulty breathing."
Dehydration Syndrome,Emergency & General,Mild to Moderate,Emergency Physician,Dehydration Syndrome is a medical condition affecting the emergency & general system requiring proper evaluation.,"Viral/bacterial agents, environmental factors, genetic predisposition, lifestyle factors.","Weakened immune system, age, family history, chronic stress, poor diet, exposure to pathogens.",Prescription medications as advised by your healthcare specialist. Do not self-medicate.,"Hydration, balanced nutrient-dense diet, low sodium, avoid processed foods.",Adequate rest during acute phases; light walking and stretching when stable.,"Maintain hygiene, get vaccinated where applicable, undergo regular health checkups.","dehydration syndrome, dehydration-syndrome","High persistent fever, severe chest pain, shortness of breath, sudden confusion, difficulty breathing."
Dengue,Infectious,High,Infectious Disease Specialist,Dengue is a medical condition affecting the infectious system requiring proper evaluation.,"Viral/bacterial agents, environmental factors, genetic predisposition, lifestyle factors.","Weakened immune system, age, family history, chronic stress, poor diet, exposure to pathogens.",Prescription medications as advised by your healthcare specialist. Do not self-medicate.,"Hydration, balanced nutrient-dense diet, low sodium, avoid processed foods.",Adequate rest during acute phases; light walking and stretching when stable.,"Maintain hygiene, get vaccinated where applicable, undergo regular health checkups.","dengue, dengue","High persistent fever, severe chest pain, shortness of breath, sudden confusion, difficulty breathing."
Deviated Septum,"ENT (Ear, Nose, Throat)",Mild to Moderate,ENT Specialist (Otolaryngologist),"Deviated Septum is a medical condition affecting the ent (ear, nose, throat) system requiring proper evaluation.","Viral/bacterial agents, environmental factors, genetic predisposition, lifestyle factors.","Weakened immune system, age, family history, chronic stress, poor diet, exposure to pathogens.",Prescription medications as advised by your healthcare specialist. Do not self-medicate.,"Hydration, balanced nutrient-dense diet, low sodium, avoid processed foods.",Adequate rest during acute phases; light walking and stretching when stable.,"Maintain hygiene, get vaccinated where applicable, undergo regular health checkups.","deviated septum, deviated-septum","High persistent fever, severe chest pain, shortness of breath, sudden confusion, difficulty breathing."
Diabetes,Endocrine & Metabolic,Mild to Moderate,Endocrinologist,Diabetes is a medical condition affecting the endocrine & metabolic system requiring proper evaluation.,"Viral/bacterial agents, environmental factors, genetic predisposition, lifestyle factors.","Weakened immune system, age, family history, chronic stress, poor diet, exposure to pathogens.",Prescription medications as advised by your healthcare specialist. Do not self-medicate.,"Hydration, balanced nutrient-dense diet, low sodium, avoid processed foods.",Adequate rest during acute phases; light walking and stretching when stable.,"Maintain hygiene, get vaccinated where applicable, undergo regular health checkups.","diabetes, diabetes","High persistent fever, severe chest pain, shortness of breath, sudden confusion, difficulty breathing."
Dimorphic hemmorhoids(piles),Gastrointestinal,Mild to Moderate,Gastroenterologist,Dimorphic hemmorhoids(piles) is a medical condition affecting the gastrointestinal system requiring proper evaluation.,"Viral/bacterial agents, environmental factors, genetic predisposition, lifestyle factors.","Weakened immune system, age, family history, chronic stress, poor diet, exposure to pathogens.",Prescription medications as advised by your healthcare specialist. Do not self-medicate.,"Hydration, balanced nutrient-dense diet, low sodium, avoid processed foods.",Adequate rest during acute phases; light walking and stretching when stable.,"Maintain hygiene, get vaccinated where applicable, undergo regular health checkups.","dimorphic hemmorhoids(piles), dimorphic-hemmorhoids(piles)","High persistent fever, severe chest pain, shortness of breath, sudden confusion, difficulty breathing."
Diphtheria,Infectious,Moderate,Infectious Disease Specialist,Diphtheria is a medical condition affecting the infectious system requiring proper evaluation.,"Viral/bacterial agents, environmental factors, genetic predisposition, lifestyle factors.","Weakened immune system, age, family history, chronic stress, poor diet, exposure to pathogens.",Prescription medications as advised by your healthcare specialist. Do not self-medicate.,"Hydration, balanced nutrient-dense diet, low sodium, avoid processed foods.",Adequate rest during acute phases; light walking and stretching when stable.,"Maintain hygiene, get vaccinated where applicable, undergo regular health checkups.","diphtheria, diphtheria","High persistent fever, severe chest pain, shortness of breath, sudden confusion, difficulty breathing."
Drug Reaction,Infectious,Moderate,Infectious Disease Specialist,Drug Reaction is a medical condition affecting the infectious system requiring proper evaluation.,"Viral/bacterial agents, environmental factors, genetic predisposition, lifestyle factors.","Weakened immune system, age, family history, chronic stress, poor diet, exposure to pathogens.",Prescription medications as advised by your healthcare specialist. Do not self-medicate.,"Hydration, balanced nutrient-dense diet, low sodium, avoid processed foods.",Adequate rest during acute phases; light walking and stretching when stable.,"Maintain hygiene, get vaccinated where applicable, undergo regular health checkups.","drug reaction, drug-reaction","High persistent fever, severe chest pain, shortness of breath, sudden confusion, difficulty breathing."
Dry Eye Syndrome,Ophthalmology,Mild to Moderate,Ophthalmologist,Dry Eye Syndrome is a medical condition affecting the ophthalmology system requiring proper evaluation.,"Viral/bacterial agents, environmental factors, genetic predisposition, lifestyle factors.","Weakened immune system, age, family history, chronic stress, poor diet, exposure to pathogens.",Prescription medications as advised by your healthcare specialist. Do not self-medicate.,"Hydration, balanced nutrient-dense diet, low sodium, avoid processed foods.",Adequate rest during acute phases; light walking and stretching when stable.,"Maintain hygiene, get vaccinated where applicable, undergo regular health checkups.","dry eye syndrome, dry-eye-syndrome","High persistent fever, severe chest pain, shortness of breath, sudden confusion, difficulty breathing."
Eczema,Dermatology,Mild to Moderate,Dermatologist,Eczema is a medical condition affecting the dermatology system requiring proper evaluation.,"Viral/bacterial agents, environmental factors, genetic predisposition, lifestyle factors.","Weakened immune system, age, family history, chronic stress, poor diet, exposure to pathogens.",Prescription medications as advised by your healthcare specialist. Do not self-medicate.,"Hydration, balanced nutrient-dense diet, low sodium, avoid processed foods.",Adequate rest during acute phases; light walking and stretching when stable.,"Maintain hygiene, get vaccinated where applicable, undergo regular health checkups.","eczema, eczema","High persistent fever, severe chest pain, shortness of breath, sudden confusion, difficulty breathing."
Endocarditis,Cardiovascular,High,Cardiologist,Endocarditis is a medical condition affecting the cardiovascular system requiring proper evaluation.,"Viral/bacterial agents, environmental factors, genetic predisposition, lifestyle factors.","Weakened immune system, age, family history, chronic stress, poor diet, exposure to pathogens.",Prescription medications as advised by your healthcare specialist. Do not self-medicate.,"Hydration, balanced nutrient-dense diet, low sodium, avoid processed foods.",Adequate rest during acute phases; light walking and stretching when stable.,"Maintain hygiene, get vaccinated where applicable, undergo regular health checkups.","endocarditis, endocarditis","High persistent fever, severe chest pain, shortness of breath, sudden confusion, difficulty breathing."
Epiglottitis,"ENT (Ear, Nose, Throat)",Emergency,ENT Specialist (Otolaryngologist),"Epiglottitis is a medical condition affecting the ent (ear, nose, throat) system requiring proper evaluation.","Viral/bacterial agents, environmental factors, genetic predisposition, lifestyle factors.","Weakened immune system, age, family history, chronic stress, poor diet, exposure to pathogens.",Prescription medications as advised by your healthcare specialist. Do not self-medicate.,"Hydration, balanced nutrient-dense diet, low sodium, avoid processed foods.",Adequate rest during acute phases; light walking and stretching when stable.,"Maintain hygiene, get vaccinated where applicable, undergo regular health checkups.","epiglottitis, epiglottitis","High persistent fever, severe chest pain, shortness of breath, sudden confusion, difficulty breathing."
Epilepsy,Neurological,Moderate,Neurologist,Epilepsy is a medical condition affecting the neurological system requiring proper evaluation.,"Viral/bacterial agents, environmental factors, genetic predisposition, lifestyle factors.","Weakened immune system, age, family history, chronic stress, poor diet, exposure to pathogens.",Prescription medications as advised by your healthcare specialist. Do not self-medicate.,"Hydration, balanced nutrient-dense diet, low sodium, avoid processed foods.",Adequate rest during acute phases; light walking and stretching when stable.,"Maintain hygiene, get vaccinated where applicable, undergo regular health checkups.","epilepsy, epilepsy","High persistent fever, severe chest pain, shortness of breath, sudden confusion, difficulty breathing."
Fibromyalgia,Rheumatology,Mild to Moderate,Rheumatologist,Fibromyalgia is a medical condition affecting the rheumatology system requiring proper evaluation.,"Viral/bacterial agents, environmental factors, genetic predisposition, lifestyle factors.","Weakened immune system, age, family history, chronic stress, poor diet, exposure to pathogens.",Prescription medications as advised by your healthcare specialist. Do not self-medicate.,"Hydration, balanced nutrient-dense diet, low sodium, avoid processed foods.",Adequate rest during acute phases; light walking and stretching when stable.,"Maintain hygiene, get vaccinated where applicable, undergo regular health checkups.","fibromyalgia, fibromyalgia","High persistent fever, severe chest pain, shortness of breath, sudden confusion, difficulty breathing."
Food Poisoning,Gastrointestinal,Mild to Moderate,Gastroenterologist,Food Poisoning is a medical condition affecting the gastrointestinal system requiring proper evaluation.,"Viral/bacterial agents, environmental factors, genetic predisposition, lifestyle factors.","Weakened immune system, age, family history, chronic stress, poor diet, exposure to pathogens.",Prescription medications as advised by your healthcare specialist. Do not self-medicate.,"Hydration, balanced nutrient-dense diet, low sodium, avoid processed foods.",Adequate rest during acute phases; light walking and stretching when stable.,"Maintain hygiene, get vaccinated where applicable, undergo regular health checkups.","food poisoning, food-poisoning","High persistent fever, severe chest pain, shortness of breath, sudden confusion, difficulty breathing."
Fungal infection,Dermatology,Mild to Moderate,Dermatologist,Fungal infection is a medical condition affecting the dermatology system requiring proper evaluation.,"Viral/bacterial agents, environmental factors, genetic predisposition, lifestyle factors.","Weakened immune system, age, family history, chronic stress, poor diet, exposure to pathogens.",Prescription medications as advised by your healthcare specialist. Do not self-medicate.,"Hydration, balanced nutrient-dense diet, low sodium, avoid processed foods.",Adequate rest during acute phases; light walking and stretching when stable.,"Maintain hygiene, get vaccinated where applicable, undergo regular health checkups.","fungal infection, fungal-infection","High persistent fever, severe chest pain, shortness of breath, sudden confusion, difficulty breathing."
GERD,Gastrointestinal,Mild to Moderate,Gastroenterologist,GERD is a medical condition affecting the gastrointestinal system requiring proper evaluation.,"Viral/bacterial agents, environmental factors, genetic predisposition, lifestyle factors.","Weakened immune system, age, family history, chronic stress, poor diet, exposure to pathogens.",Prescription medications as advised by your healthcare specialist. Do not self-medicate.,"Hydration, balanced nutrient-dense diet, low sodium, avoid processed foods.",Adequate rest during acute phases; light walking and stretching when stable.,"Maintain hygiene, get vaccinated where applicable, undergo regular health checkups.","gerd, gerd","High persistent fever, severe chest pain, shortness of breath, sudden confusion, difficulty breathing."
Gallstones,Gastrointestinal,Mild to Moderate,Gastroenterologist,Gallstones is a medical condition affecting the gastrointestinal system requiring proper evaluation.,"Viral/bacterial agents, environmental factors, genetic predisposition, lifestyle factors.","Weakened immune system, age, family history, chronic stress, poor diet, exposure to pathogens.",Prescription medications as advised by your healthcare specialist. Do not self-medicate.,"Hydration, balanced nutrient-dense diet, low sodium, avoid processed foods.",Adequate rest during acute phases; light walking and stretching when stable.,"Maintain hygiene, get vaccinated where applicable, undergo regular health checkups.","gallstones, gallstones","High persistent fever, severe chest pain, shortness of breath, sudden confusion, difficulty breathing."
Gastritis,Gastrointestinal,Mild to Moderate,Gastroenterologist,Gastritis is a medical condition affecting the gastrointestinal system requiring proper evaluation.,"Viral/bacterial agents, environmental factors, genetic predisposition, lifestyle factors.","Weakened immune system, age, family history, chronic stress, poor diet, exposure to pathogens.",Prescription medications as advised by your healthcare specialist. Do not self-medicate.,"Hydration, balanced nutrient-dense diet, low sodium, avoid processed foods.",Adequate rest during acute phases; light walking and stretching when stable.,"Maintain hygiene, get vaccinated where applicable, undergo regular health checkups.","gastritis, gastritis","High persistent fever, severe chest pain, shortness of breath, sudden confusion, difficulty breathing."
Gastroenteritis,Gastrointestinal,Mild to Moderate,Gastroenterologist,Gastroenteritis is a medical condition affecting the gastrointestinal system requiring proper evaluation.,"Viral/bacterial agents, environmental factors, genetic predisposition, lifestyle factors.","Weakened immune system, age, family history, chronic stress, poor diet, exposure to pathogens.",Prescription medications as advised by your healthcare specialist. Do not self-medicate.,"Hydration, balanced nutrient-dense diet, low sodium, avoid processed foods.",Adequate rest during acute phases; light walking and stretching when stable.,"Maintain hygiene, get vaccinated where applicable, undergo regular health checkups.","gastroenteritis, gastroenteritis","High persistent fever, severe chest pain, shortness of breath, sudden confusion, difficulty breathing."
Glaucoma,Ophthalmology,High,Ophthalmologist,Glaucoma is a medical condition affecting the ophthalmology system requiring proper evaluation.,"Viral/bacterial agents, environmental factors, genetic predisposition, lifestyle factors.","Weakened immune system, age, family history, chronic stress, poor diet, exposure to pathogens.",Prescription medications as advised by your healthcare specialist. Do not self-medicate.,"Hydration, balanced nutrient-dense diet, low sodium, avoid processed foods.",Adequate rest during acute phases; light walking and stretching when stable.,"Maintain hygiene, get vaccinated where applicable, undergo regular health checkups.","glaucoma, glaucoma","High persistent fever, severe chest pain, shortness of breath, sudden confusion, difficulty breathing."
Gout,Endocrine & Metabolic,Mild to Moderate,Endocrinologist,Gout is a medical condition affecting the endocrine & metabolic system requiring proper evaluation.,"Viral/bacterial agents, environmental factors, genetic predisposition, lifestyle factors.","Weakened immune system, age, family history, chronic stress, poor diet, exposure to pathogens.",Prescription medications as advised by your healthcare specialist. Do not self-medicate.,"Hydration, balanced nutrient-dense diet, low sodium, avoid processed foods.",Adequate rest during acute phases; light walking and stretching when stable.,"Maintain hygiene, get vaccinated where applicable, undergo regular health checkups.","gout, gout","High persistent fever, severe chest pain, shortness of breath, sudden confusion, difficulty breathing."
Hand Foot Mouth Disease,Infectious,Moderate,Infectious Disease Specialist,Hand Foot Mouth Disease is a medical condition affecting the infectious system requiring proper evaluation.,"Viral/bacterial agents, environmental factors, genetic predisposition, lifestyle factors.","Weakened immune system, age, family history, chronic stress, poor diet, exposure to pathogens.",Prescription medications as advised by your healthcare specialist. Do not self-medicate.,"Hydration, balanced nutrient-dense diet, low sodium, avoid processed foods.",Adequate rest during acute phases; light walking and stretching when stable.,"Maintain hygiene, get vaccinated where applicable, undergo regular health checkups.","hand foot mouth disease, hand-foot-mouth-disease","High persistent fever, severe chest pain, shortness of breath, sudden confusion, difficulty breathing."
Heart attack,Cardiovascular,Emergency,Cardiologist,Heart attack is a medical condition affecting the cardiovascular system requiring proper evaluation.,"Viral/bacterial agents, environmental factors, genetic predisposition, lifestyle factors.","Weakened immune system, age, family history, chronic stress, poor diet, exposure to pathogens.",Prescription medications as advised by your healthcare specialist. Do not self-medicate.,"Hydration, balanced nutrient-dense diet, low sodium, avoid processed foods.",Adequate rest during acute phases; light walking and stretching when stable.,"Maintain hygiene, get vaccinated where applicable, undergo regular health checkups.","heart attack, heart-attack","High persistent fever, severe chest pain, shortness of breath, sudden confusion, difficulty breathing."
Heat Stroke,Emergency & General,Emergency,Emergency Physician,Heat Stroke is a medical condition affecting the emergency & general system requiring proper evaluation.,"Viral/bacterial agents, environmental factors, genetic predisposition, lifestyle factors.","Weakened immune system, age, family history, chronic stress, poor diet, exposure to pathogens.",Prescription medications as advised by your healthcare specialist. Do not self-medicate.,"Hydration, balanced nutrient-dense diet, low sodium, avoid processed foods.",Adequate rest during acute phases; light walking and stretching when stable.,"Maintain hygiene, get vaccinated where applicable, undergo regular health checkups.","heat stroke, heat-stroke","High persistent fever, severe chest pain, shortness of breath, sudden confusion, difficulty breathing."
Hepatitis B,Gastrointestinal,Mild to Moderate,Gastroenterologist,Hepatitis B is a medical condition affecting the gastrointestinal system requiring proper evaluation.,"Viral/bacterial agents, environmental factors, genetic predisposition, lifestyle factors.","Weakened immune system, age, family history, chronic stress, poor diet, exposure to pathogens.",Prescription medications as advised by your healthcare specialist. Do not self-medicate.,"Hydration, balanced nutrient-dense diet, low sodium, avoid processed foods.",Adequate rest during acute phases; light walking and stretching when stable.,"Maintain hygiene, get vaccinated where applicable, undergo regular health checkups.","hepatitis b, hepatitis-b","High persistent fever, severe chest pain, shortness of breath, sudden confusion, difficulty breathing."
Hepatitis C,Gastrointestinal,Mild to Moderate,Gastroenterologist,Hepatitis C is a medical condition affecting the gastrointestinal system requiring proper evaluation.,"Viral/bacterial agents, environmental factors, genetic predisposition, lifestyle factors.","Weakened immune system, age, family history, chronic stress, poor diet, exposure to pathogens.",Prescription medications as advised by your healthcare specialist. Do not self-medicate.,"Hydration, balanced nutrient-dense diet, low sodium, avoid processed foods.",Adequate rest during acute phases; light walking and stretching when stable.,"Maintain hygiene, get vaccinated where applicable, undergo regular health checkups.","hepatitis c, hepatitis-c","High persistent fever, severe chest pain, shortness of breath, sudden confusion, difficulty breathing."
Hepatitis D,Gastrointestinal,Mild to Moderate,Gastroenterologist,Hepatitis D is a medical condition affecting the gastrointestinal system requiring proper evaluation.,"Viral/bacterial agents, environmental factors, genetic predisposition, lifestyle factors.","Weakened immune system, age, family history, chronic stress, poor diet, exposure to pathogens.",Prescription medications as advised by your healthcare specialist. Do not self-medicate.,"Hydration, balanced nutrient-dense diet, low sodium, avoid processed foods.",Adequate rest during acute phases; light walking and stretching when stable.,"Maintain hygiene, get vaccinated where applicable, undergo regular health checkups.","hepatitis d, hepatitis-d","High persistent fever, severe chest pain, shortness of breath, sudden confusion, difficulty breathing."
Hepatitis E,Gastrointestinal,Mild to Moderate,Gastroenterologist,Hepatitis E is a medical condition affecting the gastrointestinal system requiring proper evaluation.,"Viral/bacterial agents, environmental factors, genetic predisposition, lifestyle factors.","Weakened immune system, age, family history, chronic stress, poor diet, exposure to pathogens.",Prescription medications as advised by your healthcare specialist. Do not self-medicate.,"Hydration, balanced nutrient-dense diet, low sodium, avoid processed foods.",Adequate rest during acute phases; light walking and stretching when stable.,"Maintain hygiene, get vaccinated where applicable, undergo regular health checkups.","hepatitis e, hepatitis-e","High persistent fever, severe chest pain, shortness of breath, sudden confusion, difficulty breathing."
Hypertension,Cardiovascular,Moderate,Cardiologist,Hypertension is a medical condition affecting the cardiovascular system requiring proper evaluation.,"Viral/bacterial agents, environmental factors, genetic predisposition, lifestyle factors.","Weakened immune system, age, family history, chronic stress, poor diet, exposure to pathogens.",Prescription medications as advised by your healthcare specialist. Do not self-medicate.,"Hydration, balanced nutrient-dense diet, low sodium, avoid processed foods.",Adequate rest during acute phases; light walking and stretching when stable.,"Maintain hygiene, get vaccinated where applicable, undergo regular health checkups.","hypertension, hypertension","High persistent fever, severe chest pain, shortness of breath, sudden confusion, difficulty breathing."
Hyperthyroidism,Endocrine & Metabolic,Mild to Moderate,Endocrinologist,Hyperthyroidism is a medical condition affecting the endocrine & metabolic system requiring proper evaluation.,"Viral/bacterial agents, environmental factors, genetic predisposition, lifestyle factors.","Weakened immune system, age, family history, chronic stress, poor diet, exposure to pathogens.",Prescription medications as advised by your healthcare specialist. Do not self-medicate.,"Hydration, balanced nutrient-dense diet, low sodium, avoid processed foods.",Adequate rest during acute phases; light walking and stretching when stable.,"Maintain hygiene, get vaccinated where applicable, undergo regular health checkups.","hyperthyroidism, hyperthyroidism","High persistent fever, severe chest pain, shortness of breath, sudden confusion, difficulty breathing."
Hypoglycemia,Endocrine & Metabolic,Mild to Moderate,Endocrinologist,Hypoglycemia is a medical condition affecting the endocrine & metabolic system requiring proper evaluation.,"Viral/bacterial agents, environmental factors, genetic predisposition, lifestyle factors.","Weakened immune system, age, family history, chronic stress, poor diet, exposure to pathogens.",Prescription medications as advised by your healthcare specialist. Do not self-medicate.,"Hydration, balanced nutrient-dense diet, low sodium, avoid processed foods.",Adequate rest during acute phases; light walking and stretching when stable.,"Maintain hygiene, get vaccinated where applicable, undergo regular health checkups.","hypoglycemia, hypoglycemia","High persistent fever, severe chest pain, shortness of breath, sudden confusion, difficulty breathing."
Hypothyroidism,Endocrine & Metabolic,Mild to Moderate,Endocrinologist,Hypothyroidism is a medical condition affecting the endocrine & metabolic system requiring proper evaluation.,"Viral/bacterial agents, environmental factors, genetic predisposition, lifestyle factors.","Weakened immune system, age, family history, chronic stress, poor diet, exposure to pathogens.",Prescription medications as advised by your healthcare specialist. Do not self-medicate.,"Hydration, balanced nutrient-dense diet, low sodium, avoid processed foods.",Adequate rest during acute phases; light walking and stretching when stable.,"Maintain hygiene, get vaccinated where applicable, undergo regular health checkups.","hypothyroidism, hypothyroidism","High persistent fever, severe chest pain, shortness of breath, sudden confusion, difficulty breathing."
Impetigo,Dermatology,Mild to Moderate,Dermatologist,Impetigo is a medical condition affecting the dermatology system requiring proper evaluation.,"Viral/bacterial agents, environmental factors, genetic predisposition, lifestyle factors.","Weakened immune system, age, family history, chronic stress, poor diet, exposure to pathogens.",Prescription medications as advised by your healthcare specialist. Do not self-medicate.,"Hydration, balanced nutrient-dense diet, low sodium, avoid processed foods.",Adequate rest during acute phases; light walking and stretching when stable.,"Maintain hygiene, get vaccinated where applicable, undergo regular health checkups.","impetigo, impetigo","High persistent fever, severe chest pain, shortness of breath, sudden confusion, difficulty breathing."
Influenza,Respiratory,Mild to Moderate,Pulmonologist,Influenza is a medical condition affecting the respiratory system requiring proper evaluation.,"Viral/bacterial agents, environmental factors, genetic predisposition, lifestyle factors.","Weakened immune system, age, family history, chronic stress, poor diet, exposure to pathogens.",Prescription medications as advised by your healthcare specialist. Do not self-medicate.,"Hydration, balanced nutrient-dense diet, low sodium, avoid processed foods.",Adequate rest during acute phases; light walking and stretching when stable.,"Maintain hygiene, get vaccinated where applicable, undergo regular health checkups.","influenza, influenza","High persistent fever, severe chest pain, shortness of breath, sudden confusion, difficulty breathing."
Iron Deficiency,General & Hematology,Mild to Moderate,Hematologist / General Physician,Iron Deficiency is a medical condition affecting the general & hematology system requiring proper evaluation.,"Viral/bacterial agents, environmental factors, genetic predisposition, lifestyle factors.","Weakened immune system, age, family history, chronic stress, poor diet, exposure to pathogens.",Prescription medications as advised by your healthcare specialist. Do not self-medicate.,"Hydration, balanced nutrient-dense diet, low sodium, avoid processed foods.",Adequate rest during acute phases; light walking and stretching when stable.,"Maintain hygiene, get vaccinated where applicable, undergo regular health checkups.","iron deficiency, iron-deficiency","High persistent fever, severe chest pain, shortness of breath, sudden confusion, difficulty breathing."
Irritable Bowel Syndrome,Gastrointestinal,Mild to Moderate,Gastroenterologist,Irritable Bowel Syndrome is a medical condition affecting the gastrointestinal system requiring proper evaluation.,"Viral/bacterial agents, environmental factors, genetic predisposition, lifestyle factors.","Weakened immune system, age, family history, chronic stress, poor diet, exposure to pathogens.",Prescription medications as advised by your healthcare specialist. Do not self-medicate.,"Hydration, balanced nutrient-dense diet, low sodium, avoid processed foods.",Adequate rest during acute phases; light walking and stretching when stable.,"Maintain hygiene, get vaccinated where applicable, undergo regular health checkups.","irritable bowel syndrome, irritable-bowel-syndrome","High persistent fever, severe chest pain, shortness of breath, sudden confusion, difficulty breathing."
Jaundice,Gastrointestinal,Mild to Moderate,Gastroenterologist,Jaundice is a medical condition affecting the gastrointestinal system requiring proper evaluation.,"Viral/bacterial agents, environmental factors, genetic predisposition, lifestyle factors.","Weakened immune system, age, family history, chronic stress, poor diet, exposure to pathogens.",Prescription medications as advised by your healthcare specialist. Do not self-medicate.,"Hydration, balanced nutrient-dense diet, low sodium, avoid processed foods.",Adequate rest during acute phases; light walking and stretching when stable.,"Maintain hygiene, get vaccinated where applicable, undergo regular health checkups.","jaundice, jaundice","High persistent fever, severe chest pain, shortness of breath, sudden confusion, difficulty breathing."
Kidney Stones,Kidney & Urinary,Mild to Moderate,Nephrologist / Urologist,Kidney Stones is a medical condition affecting the kidney & urinary system requiring proper evaluation.,"Viral/bacterial agents, environmental factors, genetic predisposition, lifestyle factors.","Weakened immune system, age, family history, chronic stress, poor diet, exposure to pathogens.",Prescription medications as advised by your healthcare specialist. Do not self-medicate.,"Hydration, balanced nutrient-dense diet, low sodium, avoid processed foods.",Adequate rest during acute phases; light walking and stretching when stable.,"Maintain hygiene, get vaccinated where applicable, undergo regular health checkups.","kidney stones, kidney-stones","High persistent fever, severe chest pain, shortness of breath, sudden confusion, difficulty breathing."
Labyrinthitis,"ENT (Ear, Nose, Throat)",Mild to Moderate,ENT Specialist (Otolaryngologist),"Labyrinthitis is a medical condition affecting the ent (ear, nose, throat) system requiring proper evaluation.","Viral/bacterial agents, environmental factors, genetic predisposition, lifestyle factors.","Weakened immune system, age, family history, chronic stress, poor diet, exposure to pathogens.",Prescription medications as advised by your healthcare specialist. Do not self-medicate.,"Hydration, balanced nutrient-dense diet, low sodium, avoid processed foods.",Adequate rest during acute phases; light walking and stretching when stable.,"Maintain hygiene, get vaccinated where applicable, undergo regular health checkups.","labyrinthitis, labyrinthitis","High persistent fever, severe chest pain, shortness of breath, sudden confusion, difficulty breathing."
Laryngitis,Respiratory,Mild to Moderate,Pulmonologist,Laryngitis is a medical condition affecting the respiratory system requiring proper evaluation.,"Viral/bacterial agents, environmental factors, genetic predisposition, lifestyle factors.","Weakened immune system, age, family history, chronic stress, poor diet, exposure to pathogens.",Prescription medications as advised by your healthcare specialist. Do not self-medicate.,"Hydration, balanced nutrient-dense diet, low sodium, avoid processed foods.",Adequate rest during acute phases; light walking and stretching when stable.,"Maintain hygiene, get vaccinated where applicable, undergo regular health checkups.","laryngitis, laryngitis","High persistent fever, severe chest pain, shortness of breath, sudden confusion, difficulty breathing."
Lupus,Rheumatology,Mild to Moderate,Rheumatologist,Lupus is a medical condition affecting the rheumatology system requiring proper evaluation.,"Viral/bacterial agents, environmental factors, genetic predisposition, lifestyle factors.","Weakened immune system, age, family history, chronic stress, poor diet, exposure to pathogens.",Prescription medications as advised by your healthcare specialist. Do not self-medicate.,"Hydration, balanced nutrient-dense diet, low sodium, avoid processed foods.",Adequate rest during acute phases; light walking and stretching when stable.,"Maintain hygiene, get vaccinated where applicable, undergo regular health checkups.","lupus, lupus","High persistent fever, severe chest pain, shortness of breath, sudden confusion, difficulty breathing."
Lyme Disease,Infectious,Moderate,Infectious Disease Specialist,Lyme Disease is a medical condition affecting the infectious system requiring proper evaluation.,"Viral/bacterial agents, environmental factors, genetic predisposition, lifestyle factors.","Weakened immune system, age, family history, chronic stress, poor diet, exposure to pathogens.",Prescription medications as advised by your healthcare specialist. Do not self-medicate.,"Hydration, balanced nutrient-dense diet, low sodium, avoid processed foods.",Adequate rest during acute phases; light walking and stretching when stable.,"Maintain hygiene, get vaccinated where applicable, undergo regular health checkups.","lyme disease, lyme-disease","High persistent fever, severe chest pain, shortness of breath, sudden confusion, difficulty breathing."
Malaria,Infectious,High,Infectious Disease Specialist,Malaria is a medical condition affecting the infectious system requiring proper evaluation.,"Viral/bacterial agents, environmental factors, genetic predisposition, lifestyle factors.","Weakened immune system, age, family history, chronic stress, poor diet, exposure to pathogens.",Prescription medications as advised by your healthcare specialist. Do not self-medicate.,"Hydration, balanced nutrient-dense diet, low sodium, avoid processed foods.",Adequate rest during acute phases; light walking and stretching when stable.,"Maintain hygiene, get vaccinated where applicable, undergo regular health checkups.","malaria, malaria","High persistent fever, severe chest pain, shortness of breath, sudden confusion, difficulty breathing."
Measles,Infectious,Moderate,Infectious Disease Specialist,Measles is a medical condition affecting the infectious system requiring proper evaluation.,"Viral/bacterial agents, environmental factors, genetic predisposition, lifestyle factors.","Weakened immune system, age, family history, chronic stress, poor diet, exposure to pathogens.",Prescription medications as advised by your healthcare specialist. Do not self-medicate.,"Hydration, balanced nutrient-dense diet, low sodium, avoid processed foods.",Adequate rest during acute phases; light walking and stretching when stable.,"Maintain hygiene, get vaccinated where applicable, undergo regular health checkups.","measles, measles","High persistent fever, severe chest pain, shortness of breath, sudden confusion, difficulty breathing."
Meniere Disease,"ENT (Ear, Nose, Throat)",Mild to Moderate,ENT Specialist (Otolaryngologist),"Meniere Disease is a medical condition affecting the ent (ear, nose, throat) system requiring proper evaluation.","Viral/bacterial agents, environmental factors, genetic predisposition, lifestyle factors.","Weakened immune system, age, family history, chronic stress, poor diet, exposure to pathogens.",Prescription medications as advised by your healthcare specialist. Do not self-medicate.,"Hydration, balanced nutrient-dense diet, low sodium, avoid processed foods.",Adequate rest during acute phases; light walking and stretching when stable.,"Maintain hygiene, get vaccinated where applicable, undergo regular health checkups.","meniere disease, meniere-disease","High persistent fever, severe chest pain, shortness of breath, sudden confusion, difficulty breathing."
Meningitis,Neurological,Emergency,Neurologist,Meningitis is a medical condition affecting the neurological system requiring proper evaluation.,"Viral/bacterial agents, environmental factors, genetic predisposition, lifestyle factors.","Weakened immune system, age, family history, chronic stress, poor diet, exposure to pathogens.",Prescription medications as advised by your healthcare specialist. Do not self-medicate.,"Hydration, balanced nutrient-dense diet, low sodium, avoid processed foods.",Adequate rest during acute phases; light walking and stretching when stable.,"Maintain hygiene, get vaccinated where applicable, undergo regular health checkups.","meningitis, meningitis","High persistent fever, severe chest pain, shortness of breath, sudden confusion, difficulty breathing."
Migraine,Neurological,Moderate,Neurologist,Migraine is a medical condition affecting the neurological system requiring proper evaluation.,"Viral/bacterial agents, environmental factors, genetic predisposition, lifestyle factors.","Weakened immune system, age, family history, chronic stress, poor diet, exposure to pathogens.",Prescription medications as advised by your healthcare specialist. Do not self-medicate.,"Hydration, balanced nutrient-dense diet, low sodium, avoid processed foods.",Adequate rest during acute phases; light walking and stretching when stable.,"Maintain hygiene, get vaccinated where applicable, undergo regular health checkups.","migraine, migraine","High persistent fever, severe chest pain, shortness of breath, sudden confusion, difficulty breathing."
Migraine with Aura,Neurological,Moderate,Neurologist,Migraine with Aura is a medical condition affecting the neurological system requiring proper evaluation.,"Viral/bacterial agents, environmental factors, genetic predisposition, lifestyle factors.","Weakened immune system, age, family history, chronic stress, poor diet, exposure to pathogens.",Prescription medications as advised by your healthcare specialist. Do not self-medicate.,"Hydration, balanced nutrient-dense diet, low sodium, avoid processed foods.",Adequate rest during acute phases; light walking and stretching when stable.,"Maintain hygiene, get vaccinated where applicable, undergo regular health checkups.","migraine with aura, migraine-with-aura","High persistent fever, severe chest pain, shortness of breath, sudden confusion, difficulty breathing."
Mononucleosis,Infectious,Moderate,Infectious Disease Specialist,Mononucleosis is a medical condition affecting the infectious system requiring proper evaluation.,"Viral/bacterial agents, environmental factors, genetic predisposition, lifestyle factors.","Weakened immune system, age, family history, chronic stress, poor diet, exposure to pathogens.",Prescription medications as advised by your healthcare specialist. Do not self-medicate.,"Hydration, balanced nutrient-dense diet, low sodium, avoid processed foods.",Adequate rest during acute phases; light walking and stretching when stable.,"Maintain hygiene, get vaccinated where applicable, undergo regular health checkups.","mononucleosis, mononucleosis","High persistent fever, severe chest pain, shortness of breath, sudden confusion, difficulty breathing."
Multiple Sclerosis,Neurological,Moderate,Neurologist,Multiple Sclerosis is a medical condition affecting the neurological system requiring proper evaluation.,"Viral/bacterial agents, environmental factors, genetic predisposition, lifestyle factors.","Weakened immune system, age, family history, chronic stress, poor diet, exposure to pathogens.",Prescription medications as advised by your healthcare specialist. Do not self-medicate.,"Hydration, balanced nutrient-dense diet, low sodium, avoid processed foods.",Adequate rest during acute phases; light walking and stretching when stable.,"Maintain hygiene, get vaccinated where applicable, undergo regular health checkups.","multiple sclerosis, multiple-sclerosis","High persistent fever, severe chest pain, shortness of breath, sudden confusion, difficulty breathing."
Mumps,Infectious,Moderate,Infectious Disease Specialist,Mumps is a medical condition affecting the infectious system requiring proper evaluation.,"Viral/bacterial agents, environmental factors, genetic predisposition, lifestyle factors.","Weakened immune system, age, family history, chronic stress, poor diet, exposure to pathogens.",Prescription medications as advised by your healthcare specialist. Do not self-medicate.,"Hydration, balanced nutrient-dense diet, low sodium, avoid processed foods.",Adequate rest during acute phases; light walking and stretching when stable.,"Maintain hygiene, get vaccinated where applicable, undergo regular health checkups.","mumps, mumps","High persistent fever, severe chest pain, shortness of breath, sudden confusion, difficulty breathing."
Nasal Polyps,"ENT (Ear, Nose, Throat)",Mild to Moderate,ENT Specialist (Otolaryngologist),"Nasal Polyps is a medical condition affecting the ent (ear, nose, throat) system requiring proper evaluation.","Viral/bacterial agents, environmental factors, genetic predisposition, lifestyle factors.","Weakened immune system, age, family history, chronic stress, poor diet, exposure to pathogens.",Prescription medications as advised by your healthcare specialist. Do not self-medicate.,"Hydration, balanced nutrient-dense diet, low sodium, avoid processed foods.",Adequate rest during acute phases; light walking and stretching when stable.,"Maintain hygiene, get vaccinated where applicable, undergo regular health checkups.","nasal polyps, nasal-polyps","High persistent fever, severe chest pain, shortness of breath, sudden confusion, difficulty breathing."
Nephrotic Syndrome,Kidney & Urinary,Mild to Moderate,Nephrologist / Urologist,Nephrotic Syndrome is a medical condition affecting the kidney & urinary system requiring proper evaluation.,"Viral/bacterial agents, environmental factors, genetic predisposition, lifestyle factors.","Weakened immune system, age, family history, chronic stress, poor diet, exposure to pathogens.",Prescription medications as advised by your healthcare specialist. Do not self-medicate.,"Hydration, balanced nutrient-dense diet, low sodium, avoid processed foods.",Adequate rest during acute phases; light walking and stretching when stable.,"Maintain hygiene, get vaccinated where applicable, undergo regular health checkups.","nephrotic syndrome, nephrotic-syndrome","High persistent fever, severe chest pain, shortness of breath, sudden confusion, difficulty breathing."
Orbital Cellulitis,Ophthalmology,Mild to Moderate,Ophthalmologist,Orbital Cellulitis is a medical condition affecting the ophthalmology system requiring proper evaluation.,"Viral/bacterial agents, environmental factors, genetic predisposition, lifestyle factors.","Weakened immune system, age, family history, chronic stress, poor diet, exposure to pathogens.",Prescription medications as advised by your healthcare specialist. Do not self-medicate.,"Hydration, balanced nutrient-dense diet, low sodium, avoid processed foods.",Adequate rest during acute phases; light walking and stretching when stable.,"Maintain hygiene, get vaccinated where applicable, undergo regular health checkups.","orbital cellulitis, orbital-cellulitis","High persistent fever, severe chest pain, shortness of breath, sudden confusion, difficulty breathing."
Osteoarthristis,Rheumatology,Mild to Moderate,Rheumatologist,Osteoarthristis is a medical condition affecting the rheumatology system requiring proper evaluation.,"Viral/bacterial agents, environmental factors, genetic predisposition, lifestyle factors.","Weakened immune system, age, family history, chronic stress, poor diet, exposure to pathogens.",Prescription medications as advised by your healthcare specialist. Do not self-medicate.,"Hydration, balanced nutrient-dense diet, low sodium, avoid processed foods.",Adequate rest during acute phases; light walking and stretching when stable.,"Maintain hygiene, get vaccinated where applicable, undergo regular health checkups.","osteoarthristis, osteoarthristis","High persistent fever, severe chest pain, shortness of breath, sudden confusion, difficulty breathing."
Otitis Media,"ENT (Ear, Nose, Throat)",Mild to Moderate,ENT Specialist (Otolaryngologist),"Otitis Media is a medical condition affecting the ent (ear, nose, throat) system requiring proper evaluation.","Viral/bacterial agents, environmental factors, genetic predisposition, lifestyle factors.","Weakened immune system, age, family history, chronic stress, poor diet, exposure to pathogens.",Prescription medications as advised by your healthcare specialist. Do not self-medicate.,"Hydration, balanced nutrient-dense diet, low sodium, avoid processed foods.",Adequate rest during acute phases; light walking and stretching when stable.,"Maintain hygiene, get vaccinated where applicable, undergo regular health checkups.","otitis media, otitis-media","High persistent fever, severe chest pain, shortness of breath, sudden confusion, difficulty breathing."
PCOS,Endocrine & Metabolic,Mild to Moderate,Endocrinologist,PCOS is a medical condition affecting the endocrine & metabolic system requiring proper evaluation.,"Viral/bacterial agents, environmental factors, genetic predisposition, lifestyle factors.","Weakened immune system, age, family history, chronic stress, poor diet, exposure to pathogens.",Prescription medications as advised by your healthcare specialist. Do not self-medicate.,"Hydration, balanced nutrient-dense diet, low sodium, avoid processed foods.",Adequate rest during acute phases; light walking and stretching when stable.,"Maintain hygiene, get vaccinated where applicable, undergo regular health checkups.","pcos, pcos","High persistent fever, severe chest pain, shortness of breath, sudden confusion, difficulty breathing."
Pancreatitis,Gastrointestinal,High,Gastroenterologist,Pancreatitis is a medical condition affecting the gastrointestinal system requiring proper evaluation.,"Viral/bacterial agents, environmental factors, genetic predisposition, lifestyle factors.","Weakened immune system, age, family history, chronic stress, poor diet, exposure to pathogens.",Prescription medications as advised by your healthcare specialist. Do not self-medicate.,"Hydration, balanced nutrient-dense diet, low sodium, avoid processed foods.",Adequate rest during acute phases; light walking and stretching when stable.,"Maintain hygiene, get vaccinated where applicable, undergo regular health checkups.","pancreatitis, pancreatitis","High persistent fever, severe chest pain, shortness of breath, sudden confusion, difficulty breathing."
Paralysis (brain hemorrhage),Neurological,Emergency,Neurologist,Paralysis (brain hemorrhage) is a medical condition affecting the neurological system requiring proper evaluation.,"Viral/bacterial agents, environmental factors, genetic predisposition, lifestyle factors.","Weakened immune system, age, family history, chronic stress, poor diet, exposure to pathogens.",Prescription medications as advised by your healthcare specialist. Do not self-medicate.,"Hydration, balanced nutrient-dense diet, low sodium, avoid processed foods.",Adequate rest during acute phases; light walking and stretching when stable.,"Maintain hygiene, get vaccinated where applicable, undergo regular health checkups.","paralysis (brain hemorrhage), paralysis-(brain-hemorrhage)","High persistent fever, severe chest pain, shortness of breath, sudden confusion, difficulty breathing."
Peptic ulcer diseae,Gastrointestinal,Mild to Moderate,Gastroenterologist,Peptic ulcer diseae is a medical condition affecting the gastrointestinal system requiring proper evaluation.,"Viral/bacterial agents, environmental factors, genetic predisposition, lifestyle factors.","Weakened immune system, age, family history, chronic stress, poor diet, exposure to pathogens.",Prescription medications as advised by your healthcare specialist. Do not self-medicate.,"Hydration, balanced nutrient-dense diet, low sodium, avoid processed foods.",Adequate rest during acute phases; light walking and stretching when stable.,"Maintain hygiene, get vaccinated where applicable, undergo regular health checkups.","peptic ulcer diseae, peptic-ulcer-diseae","High persistent fever, severe chest pain, shortness of breath, sudden confusion, difficulty breathing."
Pericarditis,Cardiovascular,Moderate,Cardiologist,Pericarditis is a medical condition affecting the cardiovascular system requiring proper evaluation.,"Viral/bacterial agents, environmental factors, genetic predisposition, lifestyle factors.","Weakened immune system, age, family history, chronic stress, poor diet, exposure to pathogens.",Prescription medications as advised by your healthcare specialist. Do not self-medicate.,"Hydration, balanced nutrient-dense diet, low sodium, avoid processed foods.",Adequate rest during acute phases; light walking and stretching when stable.,"Maintain hygiene, get vaccinated where applicable, undergo regular health checkups.","pericarditis, pericarditis","High persistent fever, severe chest pain, shortness of breath, sudden confusion, difficulty breathing."
Peripheral Artery Disease,Cardiovascular,Moderate,Cardiologist,Peripheral Artery Disease is a medical condition affecting the cardiovascular system requiring proper evaluation.,"Viral/bacterial agents, environmental factors, genetic predisposition, lifestyle factors.","Weakened immune system, age, family history, chronic stress, poor diet, exposure to pathogens.",Prescription medications as advised by your healthcare specialist. Do not self-medicate.,"Hydration, balanced nutrient-dense diet, low sodium, avoid processed foods.",Adequate rest during acute phases; light walking and stretching when stable.,"Maintain hygiene, get vaccinated where applicable, undergo regular health checkups.","peripheral artery disease, peripheral-artery-disease","High persistent fever, severe chest pain, shortness of breath, sudden confusion, difficulty breathing."
Peritonsillar Abscess,"ENT (Ear, Nose, Throat)",Mild to Moderate,ENT Specialist (Otolaryngologist),"Peritonsillar Abscess is a medical condition affecting the ent (ear, nose, throat) system requiring proper evaluation.","Viral/bacterial agents, environmental factors, genetic predisposition, lifestyle factors.","Weakened immune system, age, family history, chronic stress, poor diet, exposure to pathogens.",Prescription medications as advised by your healthcare specialist. Do not self-medicate.,"Hydration, balanced nutrient-dense diet, low sodium, avoid processed foods.",Adequate rest during acute phases; light walking and stretching when stable.,"Maintain hygiene, get vaccinated where applicable, undergo regular health checkups.","peritonsillar abscess, peritonsillar-abscess","High persistent fever, severe chest pain, shortness of breath, sudden confusion, difficulty breathing."
Pharyngitis,Respiratory,Mild to Moderate,Pulmonologist,Pharyngitis is a medical condition affecting the respiratory system requiring proper evaluation.,"Viral/bacterial agents, environmental factors, genetic predisposition, lifestyle factors.","Weakened immune system, age, family history, chronic stress, poor diet, exposure to pathogens.",Prescription medications as advised by your healthcare specialist. Do not self-medicate.,"Hydration, balanced nutrient-dense diet, low sodium, avoid processed foods.",Adequate rest during acute phases; light walking and stretching when stable.,"Maintain hygiene, get vaccinated where applicable, undergo regular health checkups.","pharyngitis, pharyngitis","High persistent fever, severe chest pain, shortness of breath, sudden confusion, difficulty breathing."
Pleurisy,Respiratory,Mild to Moderate,Pulmonologist,Pleurisy is a medical condition affecting the respiratory system requiring proper evaluation.,"Viral/bacterial agents, environmental factors, genetic predisposition, lifestyle factors.","Weakened immune system, age, family history, chronic stress, poor diet, exposure to pathogens.",Prescription medications as advised by your healthcare specialist. Do not self-medicate.,"Hydration, balanced nutrient-dense diet, low sodium, avoid processed foods.",Adequate rest during acute phases; light walking and stretching when stable.,"Maintain hygiene, get vaccinated where applicable, undergo regular health checkups.","pleurisy, pleurisy","High persistent fever, severe chest pain, shortness of breath, sudden confusion, difficulty breathing."
Pneumonia,Respiratory,High,Pulmonologist,Pneumonia is a medical condition affecting the respiratory system requiring proper evaluation.,"Viral/bacterial agents, environmental factors, genetic predisposition, lifestyle factors.","Weakened immune system, age, family history, chronic stress, poor diet, exposure to pathogens.",Prescription medications as advised by your healthcare specialist. Do not self-medicate.,"Hydration, balanced nutrient-dense diet, low sodium, avoid processed foods.",Adequate rest during acute phases; light walking and stretching when stable.,"Maintain hygiene, get vaccinated where applicable, undergo regular health checkups.","pneumonia, pneumonia","High persistent fever, severe chest pain, shortness of breath, sudden confusion, difficulty breathing."
Prostatitis,Kidney & Urinary,Mild to Moderate,Nephrologist / Urologist,Prostatitis is a medical condition affecting the kidney & urinary system requiring proper evaluation.,"Viral/bacterial agents, environmental factors, genetic predisposition, lifestyle factors.","Weakened immune system, age, family history, chronic stress, poor diet, exposure to pathogens.",Prescription medications as advised by your healthcare specialist. Do not self-medicate.,"Hydration, balanced nutrient-dense diet, low sodium, avoid processed foods.",Adequate rest during acute phases; light walking and stretching when stable.,"Maintain hygiene, get vaccinated where applicable, undergo regular health checkups.","prostatitis, prostatitis","High persistent fever, severe chest pain, shortness of breath, sudden confusion, difficulty breathing."
Psoriasis,Dermatology,Mild to Moderate,Dermatologist,Psoriasis is a medical condition affecting the dermatology system requiring proper evaluation.,"Viral/bacterial agents, environmental factors, genetic predisposition, lifestyle factors.","Weakened immune system, age, family history, chronic stress, poor diet, exposure to pathogens.",Prescription medications as advised by your healthcare specialist. Do not self-medicate.,"Hydration, balanced nutrient-dense diet, low sodium, avoid processed foods.",Adequate rest during acute phases; light walking and stretching when stable.,"Maintain hygiene, get vaccinated where applicable, undergo regular health checkups.","psoriasis, psoriasis","High persistent fever, severe chest pain, shortness of breath, sudden confusion, difficulty breathing."
Psoriatic Arthritis,Rheumatology,Mild to Moderate,Rheumatologist,Psoriatic Arthritis is a medical condition affecting the rheumatology system requiring proper evaluation.,"Viral/bacterial agents, environmental factors, genetic predisposition, lifestyle factors.","Weakened immune system, age, family history, chronic stress, poor diet, exposure to pathogens.",Prescription medications as advised by your healthcare specialist. Do not self-medicate.,"Hydration, balanced nutrient-dense diet, low sodium, avoid processed foods.",Adequate rest during acute phases; light walking and stretching when stable.,"Maintain hygiene, get vaccinated where applicable, undergo regular health checkups.","psoriatic arthritis, psoriatic-arthritis","High persistent fever, severe chest pain, shortness of breath, sudden confusion, difficulty breathing."
Pulmonary Embolism,Respiratory,Emergency,Pulmonologist,Pulmonary Embolism is a medical condition affecting the respiratory system requiring proper evaluation.,"Viral/bacterial agents, environmental factors, genetic predisposition, lifestyle factors.","Weakened immune system, age, family history, chronic stress, poor diet, exposure to pathogens.",Prescription medications as advised by your healthcare specialist. Do not self-medicate.,"Hydration, balanced nutrient-dense diet, low sodium, avoid processed foods.",Adequate rest during acute phases; light walking and stretching when stable.,"Maintain hygiene, get vaccinated where applicable, undergo regular health checkups.","pulmonary embolism, pulmonary-embolism","High persistent fever, severe chest pain, shortness of breath, sudden confusion, difficulty breathing."
Pyelonephritis,Kidney & Urinary,High,Nephrologist / Urologist,Pyelonephritis is a medical condition affecting the kidney & urinary system requiring proper evaluation.,"Viral/bacterial agents, environmental factors, genetic predisposition, lifestyle factors.","Weakened immune system, age, family history, chronic stress, poor diet, exposure to pathogens.",Prescription medications as advised by your healthcare specialist. Do not self-medicate.,"Hydration, balanced nutrient-dense diet, low sodium, avoid processed foods.",Adequate rest during acute phases; light walking and stretching when stable.,"Maintain hygiene, get vaccinated where applicable, undergo regular health checkups.","pyelonephritis, pyelonephritis","High persistent fever, severe chest pain, shortness of breath, sudden confusion, difficulty breathing."
Rheumatoid Arthritis,Rheumatology,Mild to Moderate,Rheumatologist,Rheumatoid Arthritis is a medical condition affecting the rheumatology system requiring proper evaluation.,"Viral/bacterial agents, environmental factors, genetic predisposition, lifestyle factors.","Weakened immune system, age, family history, chronic stress, poor diet, exposure to pathogens.",Prescription medications as advised by your healthcare specialist. Do not self-medicate.,"Hydration, balanced nutrient-dense diet, low sodium, avoid processed foods.",Adequate rest during acute phases; light walking and stretching when stable.,"Maintain hygiene, get vaccinated where applicable, undergo regular health checkups.","rheumatoid arthritis, rheumatoid-arthritis","High persistent fever, severe chest pain, shortness of breath, sudden confusion, difficulty breathing."
Ringworm,Dermatology,Mild to Moderate,Dermatologist,Ringworm is a medical condition affecting the dermatology system requiring proper evaluation.,"Viral/bacterial agents, environmental factors, genetic predisposition, lifestyle factors.","Weakened immune system, age, family history, chronic stress, poor diet, exposure to pathogens.",Prescription medications as advised by your healthcare specialist. Do not self-medicate.,"Hydration, balanced nutrient-dense diet, low sodium, avoid processed foods.",Adequate rest during acute phases; light walking and stretching when stable.,"Maintain hygiene, get vaccinated where applicable, undergo regular health checkups.","ringworm, ringworm","High persistent fever, severe chest pain, shortness of breath, sudden confusion, difficulty breathing."
Rosacea,Dermatology,Mild to Moderate,Dermatologist,Rosacea is a medical condition affecting the dermatology system requiring proper evaluation.,"Viral/bacterial agents, environmental factors, genetic predisposition, lifestyle factors.","Weakened immune system, age, family history, chronic stress, poor diet, exposure to pathogens.",Prescription medications as advised by your healthcare specialist. Do not self-medicate.,"Hydration, balanced nutrient-dense diet, low sodium, avoid processed foods.",Adequate rest during acute phases; light walking and stretching when stable.,"Maintain hygiene, get vaccinated where applicable, undergo regular health checkups.","rosacea, rosacea","High persistent fever, severe chest pain, shortness of breath, sudden confusion, difficulty breathing."
Rubella,Infectious,Moderate,Infectious Disease Specialist,Rubella is a medical condition affecting the infectious system requiring proper evaluation.,"Viral/bacterial agents, environmental factors, genetic predisposition, lifestyle factors.","Weakened immune system, age, family history, chronic stress, poor diet, exposure to pathogens.",Prescription medications as advised by your healthcare specialist. Do not self-medicate.,"Hydration, balanced nutrient-dense diet, low sodium, avoid processed foods.",Adequate rest during acute phases; light walking and stretching when stable.,"Maintain hygiene, get vaccinated where applicable, undergo regular health checkups.","rubella, rubella","High persistent fever, severe chest pain, shortness of breath, sudden confusion, difficulty breathing."
Scabies,Dermatology,Mild to Moderate,Dermatologist,Scabies is a medical condition affecting the dermatology system requiring proper evaluation.,"Viral/bacterial agents, environmental factors, genetic predisposition, lifestyle factors.","Weakened immune system, age, family history, chronic stress, poor diet, exposure to pathogens.",Prescription medications as advised by your healthcare specialist. Do not self-medicate.,"Hydration, balanced nutrient-dense diet, low sodium, avoid processed foods.",Adequate rest during acute phases; light walking and stretching when stable.,"Maintain hygiene, get vaccinated where applicable, undergo regular health checkups.","scabies, scabies","High persistent fever, severe chest pain, shortness of breath, sudden confusion, difficulty breathing."
Scarlet Fever,Infectious,Moderate,Infectious Disease Specialist,Scarlet Fever is a medical condition affecting the infectious system requiring proper evaluation.,"Viral/bacterial agents, environmental factors, genetic predisposition, lifestyle factors.","Weakened immune system, age, family history, chronic stress, poor diet, exposure to pathogens.",Prescription medications as advised by your healthcare specialist. Do not self-medicate.,"Hydration, balanced nutrient-dense diet, low sodium, avoid processed foods.",Adequate rest during acute phases; light walking and stretching when stable.,"Maintain hygiene, get vaccinated where applicable, undergo regular health checkups.","scarlet fever, scarlet-fever","High persistent fever, severe chest pain, shortness of breath, sudden confusion, difficulty breathing."
Sciatica,Neurological,Moderate,Neurologist,Sciatica is a medical condition affecting the neurological system requiring proper evaluation.,"Viral/bacterial agents, environmental factors, genetic predisposition, lifestyle factors.","Weakened immune system, age, family history, chronic stress, poor diet, exposure to pathogens.",Prescription medications as advised by your healthcare specialist. Do not self-medicate.,"Hydration, balanced nutrient-dense diet, low sodium, avoid processed foods.",Adequate rest during acute phases; light walking and stretching when stable.,"Maintain hygiene, get vaccinated where applicable, undergo regular health checkups.","sciatica, sciatica","High persistent fever, severe chest pain, shortness of breath, sudden confusion, difficulty breathing."
Seborrheic Dermatitis,Dermatology,Mild to Moderate,Dermatologist,Seborrheic Dermatitis is a medical condition affecting the dermatology system requiring proper evaluation.,"Viral/bacterial agents, environmental factors, genetic predisposition, lifestyle factors.","Weakened immune system, age, family history, chronic stress, poor diet, exposure to pathogens.",Prescription medications as advised by your healthcare specialist. Do not self-medicate.,"Hydration, balanced nutrient-dense diet, low sodium, avoid processed foods.",Adequate rest during acute phases; light walking and stretching when stable.,"Maintain hygiene, get vaccinated where applicable, undergo regular health checkups.","seborrheic dermatitis, seborrheic-dermatitis","High persistent fever, severe chest pain, shortness of breath, sudden confusion, difficulty breathing."
Shingles,Dermatology,Mild to Moderate,Dermatologist,Shingles is a medical condition affecting the dermatology system requiring proper evaluation.,"Viral/bacterial agents, environmental factors, genetic predisposition, lifestyle factors.","Weakened immune system, age, family history, chronic stress, poor diet, exposure to pathogens.",Prescription medications as advised by your healthcare specialist. Do not self-medicate.,"Hydration, balanced nutrient-dense diet, low sodium, avoid processed foods.",Adequate rest during acute phases; light walking and stretching when stable.,"Maintain hygiene, get vaccinated where applicable, undergo regular health checkups.","shingles, shingles","High persistent fever, severe chest pain, shortness of breath, sudden confusion, difficulty breathing."
Sinusitis,Respiratory,Mild to Moderate,Pulmonologist,Sinusitis is a medical condition affecting the respiratory system requiring proper evaluation.,"Viral/bacterial agents, environmental factors, genetic predisposition, lifestyle factors.","Weakened immune system, age, family history, chronic stress, poor diet, exposure to pathogens.",Prescription medications as advised by your healthcare specialist. Do not self-medicate.,"Hydration, balanced nutrient-dense diet, low sodium, avoid processed foods.",Adequate rest during acute phases; light walking and stretching when stable.,"Maintain hygiene, get vaccinated where applicable, undergo regular health checkups.","sinusitis, sinusitis","High persistent fever, severe chest pain, shortness of breath, sudden confusion, difficulty breathing."
Sjogren Syndrome,Rheumatology,Mild to Moderate,Rheumatologist,Sjogren Syndrome is a medical condition affecting the rheumatology system requiring proper evaluation.,"Viral/bacterial agents, environmental factors, genetic predisposition, lifestyle factors.","Weakened immune system, age, family history, chronic stress, poor diet, exposure to pathogens.",Prescription medications as advised by your healthcare specialist. Do not self-medicate.,"Hydration, balanced nutrient-dense diet, low sodium, avoid processed foods.",Adequate rest during acute phases; light walking and stretching when stable.,"Maintain hygiene, get vaccinated where applicable, undergo regular health checkups.","sjogren syndrome, sjogren-syndrome","High persistent fever, severe chest pain, shortness of breath, sudden confusion, difficulty breathing."
Stye,Ophthalmology,Mild to Moderate,Ophthalmologist,Stye is a medical condition affecting the ophthalmology system requiring proper evaluation.,"Viral/bacterial agents, environmental factors, genetic predisposition, lifestyle factors.","Weakened immune system, age, family history, chronic stress, poor diet, exposure to pathogens.",Prescription medications as advised by your healthcare specialist. Do not self-medicate.,"Hydration, balanced nutrient-dense diet, low sodium, avoid processed foods.",Adequate rest during acute phases; light walking and stretching when stable.,"Maintain hygiene, get vaccinated where applicable, undergo regular health checkups.","stye, stye","High persistent fever, severe chest pain, shortness of breath, sudden confusion, difficulty breathing."
Tension Headache,Neurological,Moderate,Neurologist,Tension Headache is a medical condition affecting the neurological system requiring proper evaluation.,"Viral/bacterial agents, environmental factors, genetic predisposition, lifestyle factors.","Weakened immune system, age, family history, chronic stress, poor diet, exposure to pathogens.",Prescription medications as advised by your healthcare specialist. Do not self-medicate.,"Hydration, balanced nutrient-dense diet, low sodium, avoid processed foods.",Adequate rest during acute phases; light walking and stretching when stable.,"Maintain hygiene, get vaccinated where applicable, undergo regular health checkups.","tension headache, tension-headache","High persistent fever, severe chest pain, shortness of breath, sudden confusion, difficulty breathing."
Tetanus,Infectious,Emergency,Infectious Disease Specialist,Tetanus is a medical condition affecting the infectious system requiring proper evaluation.,"Viral/bacterial agents, environmental factors, genetic predisposition, lifestyle factors.","Weakened immune system, age, family history, chronic stress, poor diet, exposure to pathogens.",Prescription medications as advised by your healthcare specialist. Do not self-medicate.,"Hydration, balanced nutrient-dense diet, low sodium, avoid processed foods.",Adequate rest during acute phases; light walking and stretching when stable.,"Maintain hygiene, get vaccinated where applicable, undergo regular health checkups.","tetanus, tetanus","High persistent fever, severe chest pain, shortness of breath, sudden confusion, difficulty breathing."
Tinnitus,"ENT (Ear, Nose, Throat)",Mild to Moderate,ENT Specialist (Otolaryngologist),"Tinnitus is a medical condition affecting the ent (ear, nose, throat) system requiring proper evaluation.","Viral/bacterial agents, environmental factors, genetic predisposition, lifestyle factors.","Weakened immune system, age, family history, chronic stress, poor diet, exposure to pathogens.",Prescription medications as advised by your healthcare specialist. Do not self-medicate.,"Hydration, balanced nutrient-dense diet, low sodium, avoid processed foods.",Adequate rest during acute phases; light walking and stretching when stable.,"Maintain hygiene, get vaccinated where applicable, undergo regular health checkups.","tinnitus, tinnitus","High persistent fever, severe chest pain, shortness of breath, sudden confusion, difficulty breathing."
Tonsillitis,"ENT (Ear, Nose, Throat)",Mild to Moderate,ENT Specialist (Otolaryngologist),"Tonsillitis is a medical condition affecting the ent (ear, nose, throat) system requiring proper evaluation.","Viral/bacterial agents, environmental factors, genetic predisposition, lifestyle factors.","Weakened immune system, age, family history, chronic stress, poor diet, exposure to pathogens.",Prescription medications as advised by your healthcare specialist. Do not self-medicate.,"Hydration, balanced nutrient-dense diet, low sodium, avoid processed foods.",Adequate rest during acute phases; light walking and stretching when stable.,"Maintain hygiene, get vaccinated where applicable, undergo regular health checkups.","tonsillitis, tonsillitis","High persistent fever, severe chest pain, shortness of breath, sudden confusion, difficulty breathing."
Trigeminal Neuralgia,Neurological,Moderate,Neurologist,Trigeminal Neuralgia is a medical condition affecting the neurological system requiring proper evaluation.,"Viral/bacterial agents, environmental factors, genetic predisposition, lifestyle factors.","Weakened immune system, age, family history, chronic stress, poor diet, exposure to pathogens.",Prescription medications as advised by your healthcare specialist. Do not self-medicate.,"Hydration, balanced nutrient-dense diet, low sodium, avoid processed foods.",Adequate rest during acute phases; light walking and stretching when stable.,"Maintain hygiene, get vaccinated where applicable, undergo regular health checkups.","trigeminal neuralgia, trigeminal-neuralgia","High persistent fever, severe chest pain, shortness of breath, sudden confusion, difficulty breathing."
Tuberculosis,Respiratory,High,Pulmonologist,Tuberculosis is a medical condition affecting the respiratory system requiring proper evaluation.,"Viral/bacterial agents, environmental factors, genetic predisposition, lifestyle factors.","Weakened immune system, age, family history, chronic stress, poor diet, exposure to pathogens.",Prescription medications as advised by your healthcare specialist. Do not self-medicate.,"Hydration, balanced nutrient-dense diet, low sodium, avoid processed foods.",Adequate rest during acute phases; light walking and stretching when stable.,"Maintain hygiene, get vaccinated where applicable, undergo regular health checkups.","tuberculosis, tuberculosis","High persistent fever, severe chest pain, shortness of breath, sudden confusion, difficulty breathing."
Typhoid,Infectious,High,Infectious Disease Specialist,Typhoid is a medical condition affecting the infectious system requiring proper evaluation.,"Viral/bacterial agents, environmental factors, genetic predisposition, lifestyle factors.","Weakened immune system, age, family history, chronic stress, poor diet, exposure to pathogens.",Prescription medications as advised by your healthcare specialist. Do not self-medicate.,"Hydration, balanced nutrient-dense diet, low sodium, avoid processed foods.",Adequate rest during acute phases; light walking and stretching when stable.,"Maintain hygiene, get vaccinated where applicable, undergo regular health checkups.","typhoid, typhoid","High persistent fever, severe chest pain, shortness of breath, sudden confusion, difficulty breathing."
Urinary tract infection,Kidney & Urinary,Mild to Moderate,Nephrologist / Urologist,Urinary tract infection is a medical condition affecting the kidney & urinary system requiring proper evaluation.,"Viral/bacterial agents, environmental factors, genetic predisposition, lifestyle factors.","Weakened immune system, age, family history, chronic stress, poor diet, exposure to pathogens.",Prescription medications as advised by your healthcare specialist. Do not self-medicate.,"Hydration, balanced nutrient-dense diet, low sodium, avoid processed foods.",Adequate rest during acute phases; light walking and stretching when stable.,"Maintain hygiene, get vaccinated where applicable, undergo regular health checkups.","urinary tract infection, urinary-tract-infection","High persistent fever, severe chest pain, shortness of breath, sudden confusion, difficulty breathing."
Urticaria,Dermatology,Mild to Moderate,Dermatologist,Urticaria is a medical condition affecting the dermatology system requiring proper evaluation.,"Viral/bacterial agents, environmental factors, genetic predisposition, lifestyle factors.","Weakened immune system, age, family history, chronic stress, poor diet, exposure to pathogens.",Prescription medications as advised by your healthcare specialist. Do not self-medicate.,"Hydration, balanced nutrient-dense diet, low sodium, avoid processed foods.",Adequate rest during acute phases; light walking and stretching when stable.,"Maintain hygiene, get vaccinated where applicable, undergo regular health checkups.","urticaria, urticaria","High persistent fever, severe chest pain, shortness of breath, sudden confusion, difficulty breathing."
Uveitis,Ophthalmology,Mild to Moderate,Ophthalmologist,Uveitis is a medical condition affecting the ophthalmology system requiring proper evaluation.,"Viral/bacterial agents, environmental factors, genetic predisposition, lifestyle factors.","Weakened immune system, age, family history, chronic stress, poor diet, exposure to pathogens.",Prescription medications as advised by your healthcare specialist. Do not self-medicate.,"Hydration, balanced nutrient-dense diet, low sodium, avoid processed foods.",Adequate rest during acute phases; light walking and stretching when stable.,"Maintain hygiene, get vaccinated where applicable, undergo regular health checkups.","uveitis, uveitis","High persistent fever, severe chest pain, shortness of breath, sudden confusion, difficulty breathing."
Varicose veins,Cardiovascular,Moderate,Cardiologist,Varicose veins is a medical condition affecting the cardiovascular system requiring proper evaluation.,"Viral/bacterial agents, environmental factors, genetic predisposition, lifestyle factors.","Weakened immune system, age, family history, chronic stress, poor diet, exposure to pathogens.",Prescription medications as advised by your healthcare specialist. Do not self-medicate.,"Hydration, balanced nutrient-dense diet, low sodium, avoid processed foods.",Adequate rest during acute phases; light walking and stretching when stable.,"Maintain hygiene, get vaccinated where applicable, undergo regular health checkups.","varicose veins, varicose-veins","High persistent fever, severe chest pain, shortness of breath, sudden confusion, difficulty breathing."
Vestibular Neuritis,"ENT (Ear, Nose, Throat)",Mild to Moderate,ENT Specialist (Otolaryngologist),"Vestibular Neuritis is a medical condition affecting the ent (ear, nose, throat) system requiring proper evaluation.","Viral/bacterial agents, environmental factors, genetic predisposition, lifestyle factors.","Weakened immune system, age, family history, chronic stress, poor diet, exposure to pathogens.",Prescription medications as advised by your healthcare specialist. Do not self-medicate.,"Hydration, balanced nutrient-dense diet, low sodium, avoid processed foods.",Adequate rest during acute phases; light walking and stretching when stable.,"Maintain hygiene, get vaccinated where applicable, undergo regular health checkups.","vestibular neuritis, vestibular-neuritis","High persistent fever, severe chest pain, shortness of breath, sudden confusion, difficulty breathing."
Viral Fever,Infectious,Moderate,Infectious Disease Specialist,Viral Fever is a medical condition affecting the infectious system requiring proper evaluation.,"Viral/bacterial agents, environmental factors, genetic predisposition, lifestyle factors.","Weakened immune system, age, family history, chronic stress, poor diet, exposure to pathogens.",Prescription medications as advised by your healthcare specialist. Do not self-medicate.,"Hydration, balanced nutrient-dense diet, low sodium, avoid processed foods.",Adequate rest during acute phases; light walking and stretching when stable.,"Maintain hygiene, get vaccinated where applicable, undergo regular health checkups.","viral fever, viral-fever","High persistent fever, severe chest pain, shortness of breath, sudden confusion, difficulty breathing."
Vitamin D Deficiency,Endocrine & Metabolic,Mild to Moderate,Endocrinologist,Vitamin D Deficiency is a medical condition affecting the endocrine & metabolic system requiring proper evaluation.,"Viral/bacterial agents, environmental factors, genetic predisposition, lifestyle factors.","Weakened immune system, age, family history, chronic stress, poor diet, exposure to pathogens.",Prescription medications as advised by your healthcare specialist. Do not self-medicate.,"Hydration, balanced nutrient-dense diet, low sodium, avoid processed foods.",Adequate rest during acute phases; light walking and stretching when stable.,"Maintain hygiene, get vaccinated where applicable, undergo regular health checkups.","vitamin d deficiency, vitamin-d-deficiency","High persistent fever, severe chest pain, shortness of breath, sudden confusion, difficulty breathing."
Vitiligo,Dermatology,Mild to Moderate,Dermatologist,Vitiligo is a medical condition affecting the dermatology system requiring proper evaluation.,"Viral/bacterial agents, environmental factors, genetic predisposition, lifestyle factors.","Weakened immune system, age, family history, chronic stress, poor diet, exposure to pathogens.",Prescription medications as advised by your healthcare specialist. Do not self-medicate.,"Hydration, balanced nutrient-dense diet, low sodium, avoid processed foods.",Adequate rest during acute phases; light walking and stretching when stable.,"Maintain hygiene, get vaccinated where applicable, undergo regular health checkups.","vitiligo, vitiligo","High persistent fever, severe chest pain, shortness of breath, sudden confusion, difficulty breathing."
Whooping Cough,Respiratory,Mild to Moderate,Pulmonologist,Whooping Cough is a medical condition affecting the respiratory system requiring proper evaluation.,"Viral/bacterial agents, environmental factors, genetic predisposition, lifestyle factors.","Weakened immune system, age, family history, chronic stress, poor diet, exposure to pathogens.",Prescription medications as advised by your healthcare specialist. Do not self-medicate.,"Hydration, balanced nutrient-dense diet, low sodium, avoid processed foods.",Adequate rest during acute phases; light walking and stretching when stable.,"Maintain hygiene, get vaccinated where applicable, undergo regular health checkups.","whooping cough, whooping-cough","High persistent fever, severe chest pain, shortness of breath, sudden confusion, difficulty breathing."
Zika Virus,Infectious,Moderate,Infectious Disease Specialist,Zika Virus is a medical condition affecting the infectious system requiring proper evaluation.,"Viral/bacterial agents, environmental factors, genetic predisposition, lifestyle factors.","Weakened immune system, age, family history, chronic stress, poor diet, exposure to pathogens.",Prescription medications as advised by your healthcare specialist. Do not self-medicate.,"Hydration, balanced nutrient-dense diet, low sodium, avoid processed foods.",Adequate rest during acute phases; light walking and stretching when stable.,"Maintain hygiene, get vaccinated where applicable, undergo regular health checkups.","zika virus, zika-virus","High persistent fever, severe chest pain, shortness of breath, sudden confusion, difficulty breathing."
hepatitis A,Gastrointestinal,Mild to Moderate,Gastroenterologist,hepatitis A is a medical condition affecting the gastrointestinal system requiring proper evaluation.,"Viral/bacterial agents, environmental factors, genetic predisposition, lifestyle factors.","Weakened immune system, age, family history, chronic stress, poor diet, exposure to pathogens.",Prescription medications as advised by your healthcare specialist. Do not self-medicate.,"Hydration, balanced nutrient-dense diet, low sodium, avoid processed foods.",Adequate rest during acute phases; light walking and stretching when stable.,"Maintain hygiene, get vaccinated where applicable, undergo regular health checkups.","hepatitis a, hepatitis-a","High persistent fever, severe chest pain, shortness of breath, sudden confusion, difficulty breathing."
